WIDTH=32;
DEPTH=8192;
ADDRESS_RADIX=HEX;
DATA_RADIX=HEX;
CONTENT BEGIN
0000 : 00000000;
0001 : 00000000;
0002 : 00000000;
0003 : 00000000;
0004 : 00000000;
0005 : 00000000;
0006 : 00000000;
0007 : 00000000;
0008 : 00000000;
0009 : 00000000;
000A : 00000000;
000B : 00000000;
000C : 00000000;
000D : 00000000;
000E : 00000000;
000F : 00000000;
0010 : 00000000;
0011 : 00000000;
0012 : 00000000;
0013 : 00000000;
0014 : 00000000;
0015 : 00000000;
0016 : 00000000;
0017 : 00000000;
0018 : 00000000;
0019 : 00000000;
001A : 00000000;
001B : 00000000;
001C : 00000000;
001D : 00000000;
001E : 00000000;
001F : 00000000;
0020 : 00000000;
0021 : 00000000;
0022 : 00000000;
0023 : 00000000;
0024 : 00000000;
0025 : 00000000;
0026 : 00000000;
0027 : 00000000;
0028 : 00000000;
0029 : 00000000;
002A : 00000000;
002B : 00000000;
002C : 00000000;
002D : 00000000;
002E : 00000000;
002F : 00000000;
0030 : 00000000;
0031 : 00000000;
0032 : 00000000;
0033 : 00000000;
0034 : 00000000;
0035 : 00000000;
0036 : 00000000;
0037 : 00000000;
0038 : 00000000;
0039 : 00000000;
003A : 00000000;
003B : 00000000;
003C : 00000000;
003D : 00000000;
003E : 00000000;
003F : 00000000;
0040 : 00000000;
0041 : 00000000;
0042 : 00000000;
0043 : 00000000;
0044 : 00000000;
0045 : 00000000;
0046 : 00000000;
0047 : 00000000;
0048 : 00000000;
0049 : 00000000;
004A : 00000000;
004B : 00000000;
004C : 00000000;
004D : 00000000;
004E : 00000000;
004F : 00000000;
0050 : 00000000;
0051 : 00000000;
0052 : 00000000;
0053 : 00000000;
0054 : 00000000;
0055 : 00000000;
0056 : 00000000;
0057 : 00000000;
0058 : 00000000;
0059 : 00000000;
005A : 00000000;
005B : 00000000;
005C : 00000000;
005D : 00000000;
005E : 00000000;
005F : 00000000;
0060 : 00000000;
0061 : 00000000;
0062 : 00000000;
0063 : 00000000;
0064 : 00000000;
0065 : 00000000;
0066 : 00000000;
0067 : 00000000;
0068 : 00000000;
0069 : 00000000;
006A : 00000000;
006B : 00000000;
006C : 00000000;
006D : 00000000;
006E : 00000000;
006F : 00000000;
0070 : 00000000;
0071 : 00000000;
0072 : 00000000;
0073 : 00000000;
0074 : 00000000;
0075 : 00000000;
0076 : 00000000;
0077 : 00000000;
0078 : 00000000;
0079 : 00000000;
007A : 00000000;
007B : 00000000;
007C : 00000000;
007D : 00000000;
007E : 00000000;
007F : 00000000;
0080 : 00000000;
0081 : 55000000;
0082 : 54000000;
0083 : 00000000;
0084 : 00000000;
0085 : 00000000;
0086 : 00001001;
0087 : 00000000;
0088 : 00000000;
0089 : 00000000;
008A : 00000000;
008B : 00000000;
008C : 00000000;
008D : 00002A00;
008E : 00000000;
008F : 14000000;
0090 : 00000000;
0091 : 00000000;
0092 : 00000000;
0093 : 00000000;
0094 : 00000000;
0095 : 00000000;
0096 : 00000000;
0097 : 00000000;
0098 : 00000000;
0099 : 00000000;
009A : 00000000;
009B : 00000000;
009C : 00000000;
009D : 01401A00;
009E : 00000000;
009F : 00000000;
00A0 : 00000006;
00A1 : FFD00001;
00A2 : FC000000;
00A3 : 00000000;
00A4 : 00000000;
00A5 : 00000000;
00A6 : 0B40BC0B;
00A7 : 80000000;
00A8 : 00000000;
00A9 : 00000000;
00AA : 00000000;
00AB : 00000000;
00AC : 00000001;
00AD : D0192E00;
00AE : 02AAABFF;
00AF : FE000550;
00B0 : 00005000;
00B1 : 00000000;
00B2 : 00000000;
00B3 : 00000000;
00B4 : 00000000;
00B5 : 00000000;
00B6 : 00000000;
00B7 : 00000000;
00B8 : 00000000;
00B9 : 00064000;
00BA : 1A400000;
00BB : 06A40006;
00BC : A400001A;
00BD : BFD02F00;
00BE : 00000000;
00BF : 00000000;
00C0 : 0000001F;
00C1 : FFF4001F;
00C2 : FC000000;
00C3 : 00000000;
00C4 : 00000000;
00C5 : 000A8000;
00C6 : 1FC57E5F;
00C7 : 94000000;
00C8 : 00000000;
00C9 : 00000000;
00CA : 00000000;
00CB : 00000000;
00CC : 00000003;
00CD : F42E2E00;
00CE : 02FFFFFF;
00CF : FF002FF8;
00D0 : 0002F400;
00D1 : 00000000;
00D2 : 00000000;
00D3 : 00000000;
00D4 : 00000000;
00D5 : 00000000;
00D6 : 00000000;
00D7 : 00000000;
00D8 : 00000000;
00D9 : 006F8001;
00DA : FFF40000;
00DB : 7FFF403F;
00DC : FF40001F;
00DD : FFD02F00;
00DE : 00000000;
00DF : 00000000;
00E0 : 0000007F;
00E1 : EBFC01FF;
00E2 : FC000000;
00E3 : 00000000;
00E4 : 00000000;
00E5 : 001FC000;
00E6 : 07EBFFFF;
00E7 : FD000000;
00E8 : 00000000;
00E9 : 00000000;
00EA : 00000000;
00EB : 00000000;
00EC : 00000001;
00ED : F87EBFAA;
00EE : 41FAABE9;
00EF : 5500FFFF;
00F0 : 006FF400;
00F1 : 00000000;
00F2 : 00000000;
00F3 : 00000000;
00F4 : 00000000;
00F5 : 00000000;
00F6 : 00000000;
00F7 : 00000000;
00F8 : 00000000;
00F9 : 06FF8007;
00FA : FBFD0000;
00FB : BFFFD03E;
00FC : BFD0000A;
00FD : FD466F68;
00FE : 00000000;
00FF : 00000000;
0100 : 000000BF;
0101 : 42FE02FF;
0102 : FC000000;
0103 : 00000000;
0104 : 00000000;
0105 : 003FC000;
0106 : 02E6ABEA;
0107 : A8000000;
0108 : 00000000;
0109 : 00000000;
010A : 00000000;
010B : 00000000;
010C : 00000000;
010D : BDBFFFFF;
010E : 400007E0;
010F : 0002F97F;
0110 : 40FFF400;
0111 : 00000000;
0112 : 00000000;
0113 : 00000000;
0114 : 00000000;
0115 : 00000000;
0116 : 00000000;
0117 : 00000000;
0118 : 00000000;
0119 : 0BFF800B;
011A : E0BE0000;
011B : A41FE010;
011C : 1FE00000;
011D : B80BAF7D;
011E : 00000000;
011F : 00000000;
0120 : 000000FF;
0121 : 01FE02F6;
0122 : FC000000;
0123 : 00000000;
0124 : 00000000;
0125 : 00BFC000;
0126 : 014157E5;
0127 : 50000000;
0128 : 00000000;
0129 : 00000000;
012A : 00000000;
012B : 00000000;
012C : 00000000;
012D : 24FABFAA;
012E : 400007E0;
012F : 0003F42F;
0130 : C0FAF400;
0131 : 00000000;
0132 : 00000000;
0133 : 00000000;
0134 : 00000000;
0135 : 00000000;
0136 : 00000000;
0137 : 00000000;
0138 : 00000000;
0139 : 0B9F801F;
013A : C07F0000;
013B : 000BE000;
013C : 0BE00005;
013D : BD5F6F2E;
013E : 00000000;
013F : 00000000;
0140 : 000001FE;
0141 : 00FF0142;
0142 : FC000000;
0143 : 00000000;
0144 : 00000000;
0145 : 01FFC000;
0146 : 0003FFFF;
0147 : F4000000;
0148 : 00000000;
0149 : 00000000;
014A : 00000000;
014B : 00000000;
014C : 00000000;
014D : 00B02E00;
014E : 02FFFFFF;
014F : FE07F01F;
0150 : C092F400;
0151 : 00000000;
0152 : 00000000;
0153 : 00000000;
0154 : 00000000;
0155 : 00000000;
0156 : 00000000;
0157 : 00000000;
0158 : 00000000;
0159 : 041F801F;
015A : C07F4000;
015B : 000BE000;
015C : 0BD0001F;
015D : FFFF2F1F;
015E : 40000000;
015F : 00000000;
0160 : 000001FD;
0161 : 00BF4002;
0162 : FC000000;
0163 : 00000000;
0164 : 00000000;
0165 : 03DBC000;
0166 : 1A92E555;
0167 : F4000000;
0168 : 00000000;
0169 : 00000000;
016A : 00000000;
016B : 00000000;
016C : 00000005;
016D : 54557F55;
016E : 42FFFFFF;
016F : FF0BE00F;
0170 : D002F400;
0171 : 00000000;
0172 : 00000000;
0173 : 00000000;
0174 : 00000000;
0175 : 00000000;
0176 : 00000000;
0177 : 00000000;
0178 : 00000000;
0179 : 001F802F;
017A : 803F4000;
017B : 001FD005;
017C : 6F80001F;
017D : FFFE2F0B;
017E : C0000000;
017F : 00000000;
0180 : 000002FD;
0181 : 00BF4002;
0182 : FC000000;
0183 : 00000000;
0184 : 00000000;
0185 : 0B8BC000;
0186 : 2FD3E555;
0187 : F4000000;
0188 : 00000000;
0189 : 00000000;
018A : 00000000;
018B : 00000000;
018C : 0000000B;
018D : F9FFFFFF;
018E : C1AAABEA;
018F : AA0BE00F;
0190 : D002F400;
0191 : 00000000;
0192 : 00000000;
0193 : 00000000;
0194 : 00000000;
0195 : 00000000;
0196 : 00000000;
0197 : 00000000;
0198 : 00000000;
0199 : 001F802F;
019A : 803F4000;
019B : 003F800F;
019C : FD000001;
019D : FC7D2F07;
019E : 80000000;
019F : 00000000;
01A0 : 000002FD;
01A1 : 00BF4002;
01A2 : FC000000;
01A3 : 00000000;
01A4 : 00000000;
01A5 : 1F4BC000;
01A6 : 1BD3FFFF;
01A7 : F4000000;
01A8 : 00000000;
01A9 : 00000000;
01AA : 00000000;
01AB : 00000000;
01AC : 0000000B;
01AD : F9FFFFFF;
01AE : C00007E0;
01AF : 000BE00F;
01B0 : D002F400;
01B1 : 00000000;
01B2 : 00000000;
01B3 : 00000000;
01B4 : 00000000;
01B5 : 00000000;
01B6 : 00000000;
01B7 : 00000000;
01B8 : 00000000;
01B9 : 001F802F;
01BA : 803F4000;
01BB : 01FF400F;
01BC : FF400002;
01BD : FC7D2F09;
01BE : 00000000;
01BF : 00000000;
01C0 : 000002FD;
01C1 : 00BF4002;
01C2 : FC000000;
01C3 : 00000000;
01C4 : 00000000;
01C5 : 7D0BC000;
01C6 : 03D3E555;
01C7 : F4000000;
01C8 : 00000000;
01C9 : 00000000;
01CA : 00000000;
01CB : 00000000;
01CC : 00000001;
01CD : F80B8B84;
01CE : 000007E0;
01CF : 000BE00F;
01D0 : D002F400;
01D1 : 00000000;
01D2 : 00000000;
01D3 : 00000000;
01D4 : 00000000;
01D5 : 00000000;
01D6 : 00000000;
01D7 : 00000000;
01D8 : 00000000;
01D9 : 001F802F;
01DA : 803F4000;
01DB : 07F80000;
01DC : 6FD00003;
01DD : FF442F2F;
01DE : 40000000;
01DF : 00000000;
01E0 : 000002FD;
01E1 : 00BF4002;
01E2 : FC000000;
01E3 : 00000000;
01E4 : 00000000;
01E5 : FEAFE800;
01E6 : 03D3FFFF;
01E7 : F4000000;
01E8 : 00000000;
01E9 : 00000000;
01EA : 00000000;
01EB : 00000000;
01EC : 00000000;
01ED : B80F8B87;
01EE : 4FFFFFFF;
01EF : FFDBE00F;
01F0 : D002F400;
01F1 : 00000000;
01F2 : 00000000;
01F3 : 00000000;
01F4 : 00000000;
01F5 : 00000000;
01F6 : 00000000;
01F7 : 00000000;
01F8 : 00000000;
01F9 : 001F802F;
01FA : 807F4000;
01FB : 2FE00000;
01FC : 0BF0000B;
01FD : FFE02F7E;
01FE : 00000000;
01FF : 00000000;
0200 : 000002FD;
0201 : 00BF4002;
0202 : FC000000;
0203 : 00000000;
0204 : 00000000;
0205 : FFFFFC00;
0206 : 03D3E555;
0207 : F4000000;
0208 : 00000000;
0209 : 00000000;
020A : 00000000;
020B : 00000000;
020C : 00000000;
020D : F82F4B8B;
020E : 8FFFFFFF;
020F : FFD7F01F;
0210 : C002F400;
0211 : 00000000;
0212 : 00000000;
0213 : 00000000;
0214 : 00000000;
0215 : 00000000;
0216 : 00000000;
0217 : 00000000;
0218 : 00000000;
0219 : 001F801F;
021A : C07F0000;
021B : 7F400000;
021C : 07F0001F;
021D : BAF016FC;
021E : 00000000;
021F : 00000000;
0220 : 000001FE;
0221 : 00FF0002;
0222 : FC000000;
0223 : 00000000;
0224 : 00000000;
0225 : 6A9BE400;
0226 : 03D2E555;
0227 : F4000000;
0228 : 00000000;
0229 : 00000000;
022A : 00000000;
022B : 00000000;
022C : 00000000;
022D : B8BF0BEF;
022E : 8AAAABFA;
022F : AA97F42F;
0230 : 8002F400;
0231 : 00000000;
0232 : 00000000;
0233 : 00000000;
0234 : 00000000;
0235 : 00000000;
0236 : 00000000;
0237 : 00000000;
0238 : 00000000;
0239 : 001F800F;
023A : D0BE0140;
023B : FE000040;
023C : 0BF0001E;
023D : B88007F4;
023E : 00000000;
023F : 00000000;
0240 : 000001FE;
0241 : 01FE0002;
0242 : FC000000;
0243 : 00000000;
0244 : 00000000;
0245 : 000BC000;
0246 : 03D3FFFF;
0247 : F4000000;
0248 : 00000000;
0249 : 00000000;
024A : 00000000;
024B : 00000000;
024C : 00000000;
024D : F8FD07FF;
024E : 400007E0;
024F : 0002F97F;
0250 : 4002F400;
0251 : 00000000;
0252 : 00000000;
0253 : 00000000;
0254 : 00000000;
0255 : 00000000;
0256 : 00000000;
0257 : 00000000;
0258 : 00000000;
0259 : 001F800B;
025A : F6FD0BD1;
025B : FFFFE0A9;
025C : 6FD0000D;
025D : B8002FD0;
025E : 00000000;
025F : 00000000;
0260 : 000000FF;
0261 : 42FD0002;
0262 : FC000000;
0263 : 00000000;
0264 : 00000000;
0265 : 000BC000;
0266 : 0BE15555;
0267 : 50000000;
0268 : 00000000;
0269 : 00000000;
026A : 00000000;
026B : 00000000;
026C : 00000002;
026D : FD2401A9;
026E : 000007E0;
026F : 0001FFFE;
0270 : 0002F400;
0271 : 00000000;
0272 : 00000000;
0273 : 00000000;
0274 : 00000000;
0275 : 00000000;
0276 : 00000000;
0277 : 00000000;
0278 : 00000000;
0279 : 001F8003;
027A : FFF40FE1;
027B : FFFFE0BF;
027C : FF800004;
027D : B801BF40;
027E : 00000000;
027F : 00000000;
0280 : 0000007F;
0281 : EBF80002;
0282 : FC000000;
0283 : 00000000;
0284 : 00000000;
0285 : 00068000;
0286 : 2FFE5555;
0287 : 55000000;
0288 : 00000000;
0289 : 00000000;
028A : 00000000;
028B : 00000000;
028C : 0000000B;
028D : FFA55555;
028E : 40055FE0;
028F : 00007FF8;
0290 : 0002F400;
0291 : 00000000;
0292 : 00000000;
0293 : 00000000;
0294 : 00000000;
0295 : 00000000;
0296 : 00000000;
0297 : 00000000;
0298 : 00000000;
0299 : 001A4000;
029A : AF900791;
029B : AAAA906B;
029C : F9000000;
029D : B81BFD00;
029E : 00000000;
029F : 00000000;
02A0 : 0000002F;
02A1 : FFF40002;
02A2 : FC000000;
02A3 : 00000000;
02A4 : 00000000;
02A5 : 00000000;
02A6 : 1E7FFFFF;
02A7 : FD000000;
02A8 : 00000000;
02A9 : 00000000;
02AA : 00000000;
02AB : 00000000;
02AC : 0000000B;
02AD : DFFFFFFF;
02AE : C00BFFD0;
02AF : 00000540;
02B0 : 00000000;
02B1 : 00000000;
02B2 : 00000000;
02B3 : 00000000;
02B4 : 00000000;
02B5 : 00000000;
02B6 : 00000000;
02B7 : 00000000;
02B8 : 00000000;
02B9 : 00000000;
02BA : 00000000;
02BB : 00000000;
02BC : 00000000;
02BD : B87FE000;
02BE : 00000000;
02BF : 00000000;
02C0 : 0000000B;
02C1 : FF800002;
02C2 : FC000000;
02C3 : 00000000;
02C4 : 00000000;
02C5 : 00000000;
02C6 : 0806FFFF;
02C7 : FC000000;
02C8 : 00000000;
02C9 : 00000000;
02CA : 00000000;
02CB : 00000000;
02CC : 00000007;
02CD : 41BFFFFF;
02CE : 8007FF80;
02CF : 00000000;
02D0 : 00000000;
02D1 : 00000000;
02D2 : 00000000;
02D3 : 00000000;
02D4 : 00000000;
02D5 : 00000000;
02D6 : 00000000;
02D7 : 00000000;
02D8 : 00000000;
02D9 : 00000000;
02DA : 00000000;
02DB : 00000000;
02DC : 00000000;
02DD : BC2E4000;
02DE : 00000000;
02DF : 00000000;
02E0 : 00000000;
02E1 : 54000000;
02E2 : 00000000;
02E3 : 00000000;
02E4 : 00000000;
02E5 : 00000000;
02E6 : 00000000;
02E7 : 50000000;
02E8 : 00000000;
02E9 : 00000000;
02EA : 00000000;
02EB : 00000000;
02EC : 00000001;
02ED : 00015555;
02EE : 00015500;
02EF : 00000000;
02F0 : 00000000;
02F1 : 00000000;
02F2 : 00000000;
02F3 : 00000000;
02F4 : 00000000;
02F5 : 00000000;
02F6 : 00000000;
02F7 : 00000000;
02F8 : 00000000;
02F9 : 00000000;
02FA : 00000000;
02FB : 00000000;
02FC : 00000000;
02FD : 54000000;
02FE : 00000000;
02FF : 00000000;
0300 : 00000000;
0301 : 00000000;
0302 : 00000000;
0303 : 00000000;
0304 : 00000000;
0305 : 00000000;
0306 : 00000000;
0307 : 00000000;
0308 : 00000000;
0309 : 00000000;
030A : 00000000;
030B : 00000000;
030C : 00000000;
030D : 00000000;
030E : 00000000;
030F : 00000000;
0310 : 00000000;
0311 : 00000000;
0312 : 00000000;
0313 : 00000000;
0314 : 00000000;
0315 : 00000000;
0316 : 00000000;
0317 : 00000000;
0318 : 00000000;
0319 : 00000000;
031A : 00000000;
031B : 00000000;
031C : 00000000;
031D : 00000000;
031E : 00000000;
031F : 00000000;
0320 : 00000000;
0321 : 00000000;
0322 : 00000000;
0323 : 00000000;
0324 : 00000000;
0325 : 00000000;
0326 : 00000000;
0327 : 00000000;
0328 : 00000000;
0329 : 00000000;
032A : 00000000;
032B : 00000000;
032C : 00000000;
032D : 00000000;
032E : 00000000;
032F : 00000000;
0330 : 00000000;
0331 : 00000000;
0332 : 00000000;
0333 : 00000000;
0334 : 00000000;
0335 : 00000000;
0336 : 00000000;
0337 : 00000000;
0338 : 00000000;
0339 : 00000000;
033A : 00000000;
033B : 00000000;
033C : 00000000;
033D : 00000000;
033E : 00000000;
033F : 00000000;
0340 : 00000000;
0341 : 00000000;
0342 : 00000000;
0343 : 00000000;
0344 : 00000000;
0345 : 00000000;
0346 : 00000000;
0347 : 00000000;
0348 : 00000000;
0349 : 00000000;
034A : 00000000;
034B : 00000000;
034C : 00000000;
034D : 00000000;
034E : 00000000;
034F : 00000000;
0350 : 00000000;
0351 : 00000000;
0352 : 00000000;
0353 : 00000000;
0354 : 00000000;
0355 : 00000000;
0356 : 00000000;
0357 : 00000000;
0358 : 00000000;
0359 : 00000000;
035A : 00000000;
035B : 00000000;
035C : 00000000;
035D : 00000000;
035E : 00000000;
035F : 00000000;
0360 : 00000000;
0361 : 00000000;
0362 : 00000000;
0363 : 00000000;
0364 : 00000000;
0365 : 00000000;
0366 : 00000000;
0367 : 00000000;
0368 : 00000000;
0369 : 00000000;
036A : 00000000;
036B : 00000000;
036C : 00000000;
036D : 00000000;
036E : 00000000;
036F : 00000000;
0370 : 00000000;
0371 : 00000000;
0372 : 00000000;
0373 : 00000000;
0374 : 00000000;
0375 : 00000000;
0376 : 00000000;
0377 : 00000000;
0378 : 00000000;
0379 : 00000000;
037A : 00000000;
037B : 00000000;
037C : 00000000;
037D : 00000000;
037E : 00000000;
037F : 00000000;
0380 : 00000000;
0381 : 00000000;
0382 : 00000000;
0383 : 00000000;
0384 : 00000000;
0385 : 00000000;
0386 : 00000000;
0387 : 00000000;
0388 : 00000000;
0389 : 00000000;
038A : 00000000;
038B : 00000000;
038C : 00000000;
038D : 00000000;
038E : 00000000;
038F : 00000000;
0390 : 00000000;
0391 : 00000000;
0392 : 00000000;
0393 : 00000000;
0394 : 00000000;
0395 : 00000000;
0396 : 00000000;
0397 : 00000000;
0398 : 00000000;
0399 : 00000000;
039A : 00000000;
039B : 00000000;
039C : 00000000;
039D : 00000000;
039E : 00000000;
039F : 00000000;
03A0 : 00000000;
03A1 : 00000000;
03A2 : 00000000;
03A3 : 00000000;
03A4 : 00000000;
03A5 : 00000000;
03A6 : 00000000;
03A7 : 00000000;
03A8 : 00000000;
03A9 : 00000000;
03AA : 00000000;
03AB : 00000000;
03AC : 00000000;
03AD : 00000000;
03AE : 00000000;
03AF : 00000000;
03B0 : 00000000;
03B1 : 00000000;
03B2 : 00000000;
03B3 : 00000000;
03B4 : 00000000;
03B5 : 00000000;
03B6 : 00000000;
03B7 : 00000000;
03B8 : 00000000;
03B9 : 00000000;
03BA : 00000000;
03BB : 00000000;
03BC : 00000000;
03BD : 00000000;
03BE : 00000000;
03BF : 00000000;
03C0 : 00000000;
03C1 : 00000000;
03C2 : 00000000;
03C3 : 00000000;
03C4 : 00000000;
03C5 : 00000000;
03C6 : 00000000;
03C7 : 00000000;
03C8 : 00000000;
03C9 : 00000000;
03CA : 00000000;
03CB : 00000000;
03CC : 00000000;
03CD : 00000000;
03CE : 00000000;
03CF : 00000000;
03D0 : 00000000;
03D1 : 00000000;
03D2 : 00000000;
03D3 : 00000000;
03D4 : 00000000;
03D5 : 00000000;
03D6 : 00000000;
03D7 : 00000000;
03D8 : 00000000;
03D9 : 00000000;
03DA : 00000000;
03DB : 00000000;
03DC : 00000000;
03DD : 00000000;
03DE : 00000000;
03DF : 00000000;
03E0 : 00000000;
03E1 : 00000000;
03E2 : 00000000;
03E3 : 00000000;
03E4 : 00000000;
03E5 : 00000000;
03E6 : 00000000;
03E7 : 00000000;
03E8 : 00000000;
03E9 : 00000000;
03EA : 00000000;
03EB : 00000000;
03EC : 00000000;
03ED : 00000000;
03EE : 00000000;
03EF : 00000000;
03F0 : 00000000;
03F1 : 00000000;
03F2 : 00000000;
03F3 : 00000000;
03F4 : 00000000;
03F5 : 00000000;
03F6 : 00000000;
03F7 : 00000000;
03F8 : 00000000;
03F9 : 00000000;
03FA : 00000000;
03FB : 00000000;
03FC : 00000000;
03FD : 00000000;
03FE : 00000000;
03FF : 00000000;
0400 : 00000000;
0401 : 55000005;
0402 : 50000000;
0403 : 00000000;
0404 : 00000000;
0405 : 00000000;
0406 : 00001001;
0407 : 00000000;
0408 : 00000000;
0409 : 00000000;
040A : 00000000;
040B : 00000000;
040C : 00000000;
040D : 00002A00;
040E : 00000000;
040F : 14000000;
0410 : 00000000;
0411 : 00000000;
0412 : 00000000;
0413 : 00000000;
0414 : 00000000;
0415 : 00000000;
0416 : 00000000;
0417 : 00000000;
0418 : 00000000;
0419 : 00000000;
041A : 00000000;
041B : 00000000;
041C : 00000000;
041D : 01401A00;
041E : 00000000;
041F : 00000000;
0420 : 00000006;
0421 : FFD000BF;
0422 : FE400000;
0423 : 00000000;
0424 : 00000000;
0425 : 00000000;
0426 : 0B40BC0B;
0427 : 80000000;
0428 : 00000000;
0429 : 00000000;
042A : 00000000;
042B : 00000000;
042C : 00000001;
042D : D0192E00;
042E : 02AAABFF;
042F : FE000550;
0430 : 00055000;
0431 : 00000000;
0432 : 00000000;
0433 : 00000000;
0434 : 00000000;
0435 : 00000000;
0436 : 00000000;
0437 : 00000000;
0438 : 00000000;
0439 : 00064000;
043A : 1A400000;
043B : 16A40000;
043C : 2900001A;
043D : BFD02F00;
043E : 00000000;
043F : 00000000;
0440 : 0000001F;
0441 : FFF403FF;
0442 : FFD00000;
0443 : 00000000;
0444 : 00000000;
0445 : 0AAA9000;
0446 : 1FC57E5F;
0447 : 94000000;
0448 : 00000000;
0449 : 00000000;
044A : 00000000;
044B : 00000000;
044C : 00000003;
044D : F42E2E00;
044E : 02FFFFFF;
044F : FF002FF8;
0450 : 007FFD00;
0451 : 00000000;
0452 : 00000000;
0453 : 00000000;
0454 : 00000000;
0455 : 00000000;
0456 : 00000000;
0457 : 00000000;
0458 : 00000000;
0459 : 006F8001;
045A : FFF40000;
045B : 7FFF4001;
045C : FD00001F;
045D : FFD02F00;
045E : 00000000;
045F : 00000000;
0460 : 0000007F;
0461 : EBFC03FA;
0462 : BFE00000;
0463 : 00000000;
0464 : 00000000;
0465 : 1FFFD000;
0466 : 07EBFFFF;
0467 : FD000000;
0468 : 00000000;
0469 : 00000000;
046A : 00000000;
046B : 00000000;
046C : 00000001;
046D : F87EBFAA;
046E : 41FAABE9;
046F : 5500FFFF;
0470 : 01FFFF40;
0471 : 00000000;
0472 : 00000000;
0473 : 00000000;
0474 : 00000000;
0475 : 00000000;
0476 : 00000000;
0477 : 00000000;
0478 : 00000000;
0479 : 06FF8007;
047A : FBFD0000;
047B : 7EBFC02F;
047C : FD00000A;
047D : FD466F68;
047E : 00000000;
047F : 00000000;
0480 : 000000BF;
0481 : 42FE0380;
0482 : 1FF40000;
0483 : 00000000;
0484 : 00000000;
0485 : 1FAA9000;
0486 : 02E6ABEA;
0487 : A8000000;
0488 : 00000000;
0489 : 00000000;
048A : 00000000;
048B : 00000000;
048C : 00000000;
048D : BDBFFFFF;
048E : 400007E0;
048F : 0002F97F;
0490 : 41E57F80;
0491 : 00000000;
0492 : 00000000;
0493 : 00000000;
0494 : 00000000;
0495 : 00000000;
0496 : 00000000;
0497 : 00000000;
0498 : 00000000;
0499 : 0BFF800B;
049A : E0BE0000;
049B : 501FD03F;
049C : FD000000;
049D : B80BAF7D;
049E : 00000000;
049F : 00000000;
04A0 : 000000FF;
04A1 : 01FE0100;
04A2 : 0BF40000;
04A3 : 00000000;
04A4 : 00000000;
04A5 : 1F400000;
04A6 : 014157E5;
04A7 : 50000000;
04A8 : 00000000;
04A9 : 00000000;
04AA : 00000000;
04AB : 00000000;
04AC : 00000000;
04AD : 24FABFAA;
04AE : 400007E0;
04AF : 0003F42F;
04B0 : C1401FC0;
04B1 : 00000000;
04B2 : 00000000;
04B3 : 00000000;
04B4 : 00000000;
04B5 : 00000000;
04B6 : 00000000;
04B7 : 00000000;
04B8 : 00000000;
04B9 : 0B9F801F;
04BA : C07F0000;
04BB : 000FD03D;
04BC : BD000005;
04BD : BD5F6F2E;
04BE : 00000000;
04BF : 00000000;
04C0 : 000001FE;
04C1 : 00FF0000;
04C2 : 0BF40000;
04C3 : 00000000;
04C4 : 00000000;
04C5 : 1F000000;
04C6 : 0003FFFF;
04C7 : F4000000;
04C8 : 00000000;
04C9 : 00000000;
04CA : 00000000;
04CB : 00000000;
04CC : 00000000;
04CD : 00B02E00;
04CE : 02FFFFFF;
04CF : FE07F01F;
04D0 : C0001FC0;
04D1 : 00000000;
04D2 : 00000000;
04D3 : 00000000;
04D4 : 00000000;
04D5 : 00000000;
04D6 : 00000000;
04D7 : 00000000;
04D8 : 00000000;
04D9 : 041F801F;
04DA : C07F4000;
04DB : 001FC010;
04DC : BD00001F;
04DD : FFFF2F1F;
04DE : 40000000;
04DF : 00000000;
04E0 : 000001FD;
04E1 : 00BF4000;
04E2 : 0FF00000;
04E3 : 00000000;
04E4 : 00000000;
04E5 : 1F540000;
04E6 : 1A92E555;
04E7 : F4000000;
04E8 : 00000000;
04E9 : 00000000;
04EA : 00000000;
04EB : 00000000;
04EC : 00000005;
04ED : 54557F55;
04EE : 42FFFFFF;
04EF : FF0BE00F;
04F0 : D0002F80;
04F1 : 00000000;
04F2 : 00000000;
04F3 : 00000000;
04F4 : 00000000;
04F5 : 00000000;
04F6 : 00000000;
04F7 : 00000000;
04F8 : 00000000;
04F9 : 001F802F;
04FA : 803F4000;
04FB : 05BF4000;
04FC : BD00001F;
04FD : FFFE2F0B;
04FE : C0000000;
04FF : 00000000;
0500 : 000002FD;
0501 : 00BF4000;
0502 : 2FE00000;
0503 : 00000000;
0504 : 00000000;
0505 : 2FFF4000;
0506 : 2FD3E555;
0507 : F4000000;
0508 : 00000000;
0509 : 00000000;
050A : 00000000;
050B : 00000000;
050C : 0000000B;
050D : F9FFFFFF;
050E : C1AAABEA;
050F : AA0BE00F;
0510 : D0007F40;
0511 : 00000000;
0512 : 00000000;
0513 : 00000000;
0514 : 00000000;
0515 : 00000000;
0516 : 00000000;
0517 : 00000000;
0518 : 00000000;
0519 : 001F802F;
051A : 803F4000;
051B : 1FF90000;
051C : BD000001;
051D : FC7D2F07;
051E : 80000000;
051F : 00000000;
0520 : 000002FD;
0521 : 00BF4000;
0522 : BFD00000;
0523 : 00000000;
0524 : 00000000;
0525 : 2FFFD000;
0526 : 1BD3FFFF;
0527 : F4000000;
0528 : 00000000;
0529 : 00000000;
052A : 00000000;
052B : 00000000;
052C : 0000000B;
052D : F9FFFFFF;
052E : C00007E0;
052F : 000BE00F;
0530 : D001FE00;
0531 : 00000000;
0532 : 00000000;
0533 : 00000000;
0534 : 00000000;
0535 : 00000000;
0536 : 00000000;
0537 : 00000000;
0538 : 00000000;
0539 : 001F802F;
053A : 803F4000;
053B : 1FFE4000;
053C : BD000002;
053D : FC7D2F09;
053E : 00000000;
053F : 00000000;
0540 : 000002FD;
0541 : 00BF4002;
0542 : FF400000;
0543 : 00000000;
0544 : 00000000;
0545 : 141BE000;
0546 : 03D3E555;
0547 : F4000000;
0548 : 00000000;
0549 : 00000000;
054A : 00000000;
054B : 00000000;
054C : 00000001;
054D : F80B8B84;
054E : 000007E0;
054F : 000BE00F;
0550 : D00BF800;
0551 : 00000000;
0552 : 00000000;
0553 : 00000000;
0554 : 00000000;
0555 : 00000000;
0556 : 00000000;
0557 : 00000000;
0558 : 00000000;
0559 : 001F802F;
055A : 803F4000;
055B : 006FC000;
055C : BD000003;
055D : FF442F2F;
055E : 40000000;
055F : 00000000;
0560 : 000002FD;
0561 : 00BF401F;
0562 : FD000000;
0563 : 00000000;
0564 : 00000000;
0565 : 0007F000;
0566 : 03D3FFFF;
0567 : F4000000;
0568 : 00000000;
0569 : 00000000;
056A : 00000000;
056B : 00000000;
056C : 00000000;
056D : B80F8B87;
056E : 4FFFFFFF;
056F : FFDBE00F;
0570 : D02FD000;
0571 : 00000000;
0572 : 00000000;
0573 : 00000000;
0574 : 00000000;
0575 : 00000000;
0576 : 00000000;
0577 : 00000000;
0578 : 00000000;
0579 : 001F802F;
057A : 807F4000;
057B : 000BE000;
057C : BD00000B;
057D : FFE02F7E;
057E : 00000000;
057F : 00000000;
0580 : 000002FD;
0581 : 00BF407F;
0582 : E4000000;
0583 : 00000000;
0584 : 00000000;
0585 : 0003F000;
0586 : 03D3E555;
0587 : F4000000;
0588 : 00000000;
0589 : 00000000;
058A : 00000000;
058B : 00000000;
058C : 00000000;
058D : F82F4B8B;
058E : 8FFFFFFF;
058F : FFD7F01F;
0590 : C0BF4000;
0591 : 00000000;
0592 : 00000000;
0593 : 00000000;
0594 : 00000000;
0595 : 00000000;
0596 : 00000000;
0597 : 00000000;
0598 : 00000000;
0599 : 001F801F;
059A : C07F0000;
059B : 000BE000;
059C : BD00001F;
059D : BAF016FC;
059E : 00000000;
059F : 00000000;
05A0 : 000001FE;
05A1 : 00FF01FF;
05A2 : 80000000;
05A3 : 00000000;
05A4 : 00000000;
05A5 : 0007E000;
05A6 : 03D2E555;
05A7 : F4000000;
05A8 : 00000000;
05A9 : 00000000;
05AA : 00000000;
05AB : 00000000;
05AC : 00000000;
05AD : B8BF0BEF;
05AE : 8AAAABFA;
05AF : AA97F42F;
05B0 : 81FC0000;
05B1 : 00000000;
05B2 : 00000000;
05B3 : 00000000;
05B4 : 00000000;
05B5 : 00000000;
05B6 : 00000000;
05B7 : 00000000;
05B8 : 00000000;
05B9 : 001F800F;
05BA : D0BE0140;
05BB : 400FE000;
05BC : BD00001E;
05BD : B88007F4;
05BE : 00000000;
05BF : 00000000;
05C0 : 000001FE;
05C1 : 01FE02FD;
05C2 : 00000000;
05C3 : 00000000;
05C4 : 00000000;
05C5 : 296FD000;
05C6 : 03D3FFFF;
05C7 : F4000000;
05C8 : 00000000;
05C9 : 00000000;
05CA : 00000000;
05CB : 00000000;
05CC : 00000000;
05CD : F8FD07FF;
05CE : 400007E0;
05CF : 0002F97F;
05D0 : 42FEAA80;
05D1 : 00000000;
05D2 : 00000000;
05D3 : 00000000;
05D4 : 00000000;
05D5 : 00000000;
05D6 : 00000000;
05D7 : 00000000;
05D8 : 00000000;
05D9 : 001F800B;
05DA : F6FD0BD0;
05DB : E9BFD000;
05DC : BD00000D;
05DD : B8002FD0;
05DE : 00000000;
05DF : 00000000;
05E0 : 000000FF;
05E1 : 42FD07FC;
05E2 : 55500000;
05E3 : 00000000;
05E4 : 00000000;
05E5 : 3FFF8000;
05E6 : 0BE15555;
05E7 : 50000000;
05E8 : 00000000;
05E9 : 00000000;
05EA : 00000000;
05EB : 00000000;
05EC : 00000002;
05ED : FD2401A9;
05EE : 000007E0;
05EF : 0001FFFE;
05F0 : 03FFFFC0;
05F1 : 00000000;
05F2 : 00000000;
05F3 : 00000000;
05F4 : 00000000;
05F5 : 00000000;
05F6 : 00000000;
05F7 : 00000000;
05F8 : 00000000;
05F9 : 001F8003;
05FA : FFF40FE0;
05FB : FFFF4000;
05FC : BD000004;
05FD : B801BF40;
05FE : 00000000;
05FF : 00000000;
0600 : 0000007F;
0601 : EBF80BFF;
0602 : FFF40000;
0603 : 00000000;
0604 : 00000000;
0605 : 2BF90000;
0606 : 2FFE5555;
0607 : 55000000;
0608 : 00000000;
0609 : 00000000;
060A : 00000000;
060B : 00000000;
060C : 0000000B;
060D : FFA55555;
060E : 40055FE0;
060F : 00007FF8;
0610 : 03FFFFC0;
0611 : 00000000;
0612 : 00000000;
0613 : 00000000;
0614 : 00000000;
0615 : 00000000;
0616 : 00000000;
0617 : 00000000;
0618 : 00000000;
0619 : 001A4000;
061A : AF900790;
061B : 6FE90000;
061C : 69000000;
061D : B81BFD00;
061E : 00000000;
061F : 00000000;
0620 : 0000002F;
0621 : FFF40BFF;
0622 : FFF40000;
0623 : 00000000;
0624 : 00000000;
0625 : 00000000;
0626 : 1E7FFFFF;
0627 : FD000000;
0628 : 00000000;
0629 : 00000000;
062A : 00000000;
062B : 00000000;
062C : 0000000B;
062D : DFFFFFFF;
062E : C00BFFD0;
062F : 00000540;
0630 : 00000000;
0631 : 00000000;
0632 : 00000000;
0633 : 00000000;
0634 : 00000000;
0635 : 00000000;
0636 : 00000000;
0637 : 00000000;
0638 : 00000000;
0639 : 00000000;
063A : 00000000;
063B : 00000000;
063C : 00000000;
063D : B87FE000;
063E : 00000000;
063F : 00000000;
0640 : 0000000B;
0641 : FF800BFF;
0642 : FFF40000;
0643 : 00000000;
0644 : 00000000;
0645 : 00000000;
0646 : 0806FFFF;
0647 : FC000000;
0648 : 00000000;
0649 : 00000000;
064A : 00000000;
064B : 00000000;
064C : 00000007;
064D : 41BFFFFF;
064E : 8007FF80;
064F : 00000000;
0650 : 00000000;
0651 : 00000000;
0652 : 00000000;
0653 : 00000000;
0654 : 00000000;
0655 : 00000000;
0656 : 00000000;
0657 : 00000000;
0658 : 00000000;
0659 : 00000000;
065A : 00000000;
065B : 00000000;
065C : 00000000;
065D : BC2E4000;
065E : 00000000;
065F : 00000000;
0660 : 00000000;
0661 : 54000000;
0662 : 00000000;
0663 : 00000000;
0664 : 00000000;
0665 : 00000000;
0666 : 00000000;
0667 : 50000000;
0668 : 00000000;
0669 : 00000000;
066A : 00000000;
066B : 00000000;
066C : 00000001;
066D : 00015555;
066E : 00015500;
066F : 00000000;
0670 : 00000000;
0671 : 00000000;
0672 : 00000000;
0673 : 00000000;
0674 : 00000000;
0675 : 00000000;
0676 : 00000000;
0677 : 00000000;
0678 : 00000000;
0679 : 00000000;
067A : 00000000;
067B : 00000000;
067C : 00000000;
067D : 54000000;
067E : 00000000;
067F : 00000000;
0680 : 00000000;
0681 : 00000000;
0682 : 00000000;
0683 : 00000000;
0684 : 00000000;
0685 : 00000000;
0686 : 00000000;
0687 : 00000000;
0688 : 00000000;
0689 : 00000000;
068A : 00000000;
068B : 00000000;
068C : 00000000;
068D : 00000000;
068E : 00000000;
068F : 00000000;
0690 : 00000000;
0691 : 00000000;
0692 : 00000000;
0693 : 00000000;
0694 : 00000000;
0695 : 00000000;
0696 : 00000000;
0697 : 00000000;
0698 : 00000000;
0699 : 00000000;
069A : 00000000;
069B : 00000000;
069C : 00000000;
069D : 00000000;
069E : 00000000;
069F : 00000000;
06A0 : 00000000;
06A1 : 00000000;
06A2 : 00000000;
06A3 : 00000000;
06A4 : 00000000;
06A5 : 00000000;
06A6 : 00000000;
06A7 : 00000000;
06A8 : 00000000;
06A9 : 00000000;
06AA : 00000000;
06AB : 00000000;
06AC : 00000000;
06AD : 00000000;
06AE : 00000000;
06AF : 00000000;
06B0 : 00000000;
06B1 : 00000000;
06B2 : 00000000;
06B3 : 00000000;
06B4 : 00000000;
06B5 : 00000000;
06B6 : 00000000;
06B7 : 00000000;
06B8 : 00000000;
06B9 : 00000000;
06BA : 00000000;
06BB : 00000000;
06BC : 00000000;
06BD : 00000000;
06BE : 00000000;
06BF : 00000000;
06C0 : 00000000;
06C1 : 00000000;
06C2 : 00000000;
06C3 : 00000000;
06C4 : 00000000;
06C5 : 00000000;
06C6 : 00000000;
06C7 : 00000000;
06C8 : 00000000;
06C9 : 00000000;
06CA : 00000000;
06CB : 00000000;
06CC : 00000000;
06CD : 00000000;
06CE : 00000000;
06CF : 00000000;
06D0 : 00000000;
06D1 : 00000000;
06D2 : 00000000;
06D3 : 00000000;
06D4 : 00000000;
06D5 : 00000000;
06D6 : 00000000;
06D7 : 00000000;
06D8 : 00000000;
06D9 : 00000000;
06DA : 00000000;
06DB : 00000000;
06DC : 00000000;
06DD : 00000000;
06DE : 00000000;
06DF : 00000000;
06E0 : 00000000;
06E1 : 00000000;
06E2 : 00000000;
06E3 : 00000000;
06E4 : 00000000;
06E5 : 00000000;
06E6 : 00000000;
06E7 : 00000000;
06E8 : 00000000;
06E9 : 00000000;
06EA : 00000000;
06EB : 00000000;
06EC : 00000000;
06ED : 00000000;
06EE : 00000000;
06EF : 00000000;
06F0 : 00000000;
06F1 : 00000000;
06F2 : 00000000;
06F3 : 00000000;
06F4 : 00000000;
06F5 : 00000000;
06F6 : 00000000;
06F7 : 00000000;
06F8 : 00000000;
06F9 : 00000000;
06FA : 00000000;
06FB : 00000000;
06FC : 00000000;
06FD : 00000000;
06FE : 00000000;
06FF : 00000000;
0700 : 00000000;
0701 : 00000000;
0702 : 00000000;
0703 : 00000000;
0704 : 00000000;
0705 : 00000000;
0706 : 00000000;
0707 : 00000000;
0708 : 00000000;
0709 : 00000000;
070A : 00000000;
070B : 00000000;
070C : 00000000;
070D : 00000000;
070E : 00000000;
070F : 00000000;
0710 : 00000000;
0711 : 00000000;
0712 : 00000000;
0713 : 00000000;
0714 : 00000000;
0715 : 00000000;
0716 : 00000000;
0717 : 00000000;
0718 : 00000000;
0719 : 00000000;
071A : 00000000;
071B : 00000000;
071C : 00000000;
071D : 00000000;
071E : 00000000;
071F : 00000000;
0720 : 00000000;
0721 : 00000000;
0722 : 00000000;
0723 : 00000000;
0724 : 00000000;
0725 : 00000000;
0726 : 00000000;
0727 : 00000000;
0728 : 00000000;
0729 : 00000000;
072A : 00000000;
072B : 00000000;
072C : 00000000;
072D : 00000000;
072E : 00000000;
072F : 00000000;
0730 : 00000000;
0731 : 00000000;
0732 : 00000000;
0733 : 00000000;
0734 : 00000000;
0735 : 00000000;
0736 : 00000000;
0737 : 00000000;
0738 : 00000000;
0739 : 00000000;
073A : 00000000;
073B : 00000000;
073C : 00000000;
073D : 00000000;
073E : 00000000;
073F : 00000000;
0740 : 00000000;
0741 : 00000000;
0742 : 00000000;
0743 : 00000000;
0744 : 00000000;
0745 : 00000000;
0746 : 00000000;
0747 : 00000000;
0748 : 00000000;
0749 : 00000000;
074A : 00000000;
074B : 00000000;
074C : 00000000;
074D : 00000000;
074E : 00000000;
074F : 00000000;
0750 : 00000000;
0751 : 00000000;
0752 : 00000000;
0753 : 00000000;
0754 : 00000000;
0755 : 00000000;
0756 : 00000000;
0757 : 00000000;
0758 : 00000000;
0759 : 00000000;
075A : 00000000;
075B : 00000000;
075C : 00000000;
075D : 00000000;
075E : 00000000;
075F : 00000000;
0760 : 00000000;
0761 : 00000000;
0762 : 00000000;
0763 : 00000000;
0764 : 00000000;
0765 : 00000000;
0766 : 00000000;
0767 : 00000000;
0768 : 00000000;
0769 : 00000000;
076A : 00000000;
076B : 00000000;
076C : 00000000;
076D : 00000000;
076E : 00000000;
076F : 00000000;
0770 : 00000000;
0771 : 00000000;
0772 : 00000000;
0773 : 00000000;
0774 : 00000000;
0775 : 00000000;
0776 : 00000000;
0777 : 00000000;
0778 : 00000000;
0779 : 00000000;
077A : 00000000;
077B : 00000000;
077C : 00000000;
077D : 00000000;
077E : 00000000;
077F : 00000000;
0780 : 00000000;
0781 : 55000005;
0782 : 50000000;
0783 : 00000000;
0784 : 00000000;
0785 : 00000000;
0786 : 00001001;
0787 : 00000000;
0788 : 00000000;
0789 : 00000000;
078A : 00000000;
078B : 00000000;
078C : 00000000;
078D : 00002A00;
078E : 00000000;
078F : 14000000;
0790 : 00000000;
0791 : 00000000;
0792 : 00000000;
0793 : 00000000;
0794 : 00000000;
0795 : 00000000;
0796 : 00000000;
0797 : 00000000;
0798 : 00000000;
0799 : 00000000;
079A : 00000000;
079B : 00000000;
079C : 00000000;
079D : 01401A00;
079E : 00000000;
079F : 00000000;
07A0 : 00000006;
07A1 : FFD001BF;
07A2 : FD000000;
07A3 : 00000000;
07A4 : 00000000;
07A5 : 00000000;
07A6 : 0B40BC0B;
07A7 : 80000000;
07A8 : 00000000;
07A9 : 00000000;
07AA : 00000000;
07AB : 00000000;
07AC : 00000001;
07AD : D0192E00;
07AE : 02AAABFF;
07AF : FE000550;
07B0 : 00054000;
07B1 : 00000000;
07B2 : 00000000;
07B3 : 00000000;
07B4 : 00000000;
07B5 : 00000000;
07B6 : 00000000;
07B7 : 00000000;
07B8 : 00000000;
07B9 : 00064000;
07BA : 1A400000;
07BB : 16A40001;
07BC : A900001A;
07BD : BFD02F00;
07BE : 00000000;
07BF : 00000000;
07C0 : 0000001F;
07C1 : FFF402FF;
07C2 : FF800000;
07C3 : 00000000;
07C4 : 00000000;
07C5 : 0AFA0000;
07C6 : 1FC57E5F;
07C7 : 94000000;
07C8 : 00000000;
07C9 : 00000000;
07CA : 00000000;
07CB : 00000000;
07CC : 00000003;
07CD : F42E2E00;
07CE : 02FFFFFF;
07CF : FF002FF8;
07D0 : 00BFF900;
07D1 : 00000000;
07D2 : 00000000;
07D3 : 00000000;
07D4 : 00000000;
07D5 : 00000000;
07D6 : 00000000;
07D7 : 00000000;
07D8 : 00000000;
07D9 : 006F8001;
07DA : FFF40000;
07DB : 7FFF400B;
07DC : FF80001F;
07DD : FFD02F00;
07DE : 00000000;
07DF : 00000000;
07E0 : 0000007F;
07E1 : EBFC02EA;
07E2 : FFD00000;
07E3 : 00000000;
07E4 : 00000000;
07E5 : 1FFFC000;
07E6 : 07EBFFFF;
07E7 : FD000000;
07E8 : 00000000;
07E9 : 00000000;
07EA : 00000000;
07EB : 00000000;
07EC : 00000001;
07ED : F87EBFAA;
07EE : 41FAABE9;
07EF : 5500FFFF;
07F0 : 00FFFF00;
07F1 : 00000000;
07F2 : 00000000;
07F3 : 00000000;
07F4 : 00000000;
07F5 : 00000000;
07F6 : 00000000;
07F7 : 00000000;
07F8 : 00000000;
07F9 : 06FF8007;
07FA : FBFD0000;
07FB : 7EBFC02F;
07FC : EFE0000A;
07FD : FD466F68;
07FE : 00000000;
07FF : 00000000;
0800 : 000000BF;
0801 : 42FE0140;
0802 : 2FE00000;
0803 : 00000000;
0804 : 00000000;
0805 : 195FE000;
0806 : 02E6ABEA;
0807 : A8000000;
0808 : 00000000;
0809 : 00000000;
080A : 00000000;
080B : 00000000;
080C : 00000000;
080D : BDBFFFFF;
080E : 400007E0;
080F : 0002F97F;
0810 : 40907F80;
0811 : 00000000;
0812 : 00000000;
0813 : 00000000;
0814 : 00000000;
0815 : 00000000;
0816 : 00000000;
0817 : 00000000;
0818 : 00000000;
0819 : 0BFF800B;
081A : E0BE0000;
081B : 501FD07F;
081C : 03F40000;
081D : B80BAF7D;
081E : 00000000;
081F : 00000000;
0820 : 000000FF;
0821 : 01FE0000;
0822 : 1FE00000;
0823 : 00000000;
0824 : 00000000;
0825 : 0007E000;
0826 : 014157E5;
0827 : 50000000;
0828 : 00000000;
0829 : 00000000;
082A : 00000000;
082B : 00000000;
082C : 00000000;
082D : 24FABFAA;
082E : 400007E0;
082F : 0003F42F;
0830 : C0002F80;
0831 : 00000000;
0832 : 00000000;
0833 : 00000000;
0834 : 00000000;
0835 : 00000000;
0836 : 00000000;
0837 : 00000000;
0838 : 00000000;
0839 : 0B9F801F;
083A : C07F0000;
083B : 000FD07E;
083C : 02F40005;
083D : BD5F6F2E;
083E : 00000000;
083F : 00000000;
0840 : 000001FE;
0841 : 00FF0000;
0842 : 1FE00000;
0843 : 00000000;
0844 : 00000000;
0845 : 0007E000;
0846 : 0003FFFF;
0847 : F4000000;
0848 : 00000000;
0849 : 00000000;
084A : 00000000;
084B : 00000000;
084C : 00000000;
084D : 00B02E00;
084E : 02FFFFFF;
084F : FE07F01F;
0850 : C0002F80;
0851 : 00000000;
0852 : 00000000;
0853 : 00000000;
0854 : 00000000;
0855 : 00000000;
0856 : 00000000;
0857 : 00000000;
0858 : 00000000;
0859 : 041F801F;
085A : C07F4000;
085B : 001FC03E;
085C : 02F0001F;
085D : FFFF2F1F;
085E : 40000000;
085F : 00000000;
0860 : 000001FD;
0861 : 00BF4000;
0862 : 7FC00000;
0863 : 00000000;
0864 : 00000000;
0865 : 001FD000;
0866 : 1A92E555;
0867 : F4000000;
0868 : 00000000;
0869 : 00000000;
086A : 00000000;
086B : 00000000;
086C : 00000005;
086D : 54557F55;
086E : 42FFFFFF;
086F : FF0BE00F;
0870 : D000BF00;
0871 : 00000000;
0872 : 00000000;
0873 : 00000000;
0874 : 00000000;
0875 : 00000000;
0876 : 00000000;
0877 : 00000000;
0878 : 00000000;
0879 : 001F802F;
087A : 803F4000;
087B : 05BF402F;
087C : 9BD0001F;
087D : FFFE2F0B;
087E : C0000000;
087F : 00000000;
0880 : 000002FD;
0881 : 00BF406A;
0882 : FF400000;
0883 : 00000000;
0884 : 00000000;
0885 : 07FE4000;
0886 : 2FD3E555;
0887 : F4000000;
0888 : 00000000;
0889 : 00000000;
088A : 00000000;
088B : 00000000;
088C : 0000000B;
088D : F9FFFFFF;
088E : C1AAABEA;
088F : AA0BE00F;
0890 : D03FF800;
0891 : 00000000;
0892 : 00000000;
0893 : 00000000;
0894 : 00000000;
0895 : 00000000;
0896 : 00000000;
0897 : 00000000;
0898 : 00000000;
0899 : 001F802F;
089A : 803F4000;
089B : 1FF9000B;
089C : FF400001;
089D : FC7D2F07;
089E : 80000000;
089F : 00000000;
08A0 : 000002FD;
08A1 : 00BF407F;
08A2 : F9000000;
08A3 : 00000000;
08A4 : 00000000;
08A5 : 07FE4000;
08A6 : 1BD3FFFF;
08A7 : F4000000;
08A8 : 00000000;
08A9 : 00000000;
08AA : 00000000;
08AB : 00000000;
08AC : 0000000B;
08AD : F9FFFFFF;
08AE : C00007E0;
08AF : 000BE00F;
08B0 : D03FF800;
08B1 : 00000000;
08B2 : 00000000;
08B3 : 00000000;
08B4 : 00000000;
08B5 : 00000000;
08B6 : 00000000;
08B7 : 00000000;
08B8 : 00000000;
08B9 : 001F802F;
08BA : 803F4000;
08BB : 1FFE401B;
08BC : FF900002;
08BD : FC7D2F09;
08BE : 00000000;
08BF : 00000000;
08C0 : 000002FD;
08C1 : 00BF407F;
08C2 : FF400000;
08C3 : 00000000;
08C4 : 00000000;
08C5 : 016FD000;
08C6 : 03D3E555;
08C7 : F4000000;
08C8 : 00000000;
08C9 : 00000000;
08CA : 00000000;
08CB : 00000000;
08CC : 00000001;
08CD : F80B8B84;
08CE : 000007E0;
08CF : 000BE00F;
08D0 : D016BF40;
08D1 : 00000000;
08D2 : 00000000;
08D3 : 00000000;
08D4 : 00000000;
08D5 : 00000000;
08D6 : 00000000;
08D7 : 00000000;
08D8 : 00000000;
08D9 : 001F802F;
08DA : 803F4000;
08DB : 006FC07E;
08DC : 47F00003;
08DD : FF442F2F;
08DE : 40000000;
08DF : 00000000;
08E0 : 000002FD;
08E1 : 00BF4015;
08E2 : BFE00000;
08E3 : 00000000;
08E4 : 00000000;
08E5 : 0007F000;
08E6 : 03D3FFFF;
08E7 : F4000000;
08E8 : 00000000;
08E9 : 00000000;
08EA : 00000000;
08EB : 00000000;
08EC : 00000000;
08ED : B80F8B87;
08EE : 4FFFFFFF;
08EF : FFDBE00F;
08F0 : D0002F80;
08F1 : 00000000;
08F2 : 00000000;
08F3 : 00000000;
08F4 : 00000000;
08F5 : 00000000;
08F6 : 00000000;
08F7 : 00000000;
08F8 : 00000000;
08F9 : 001F802F;
08FA : 807F4000;
08FB : 000BE0BD;
08FC : 02F8000B;
08FD : FFE02F7E;
08FE : 00000000;
08FF : 00000000;
0900 : 000002FD;
0901 : 00BF4000;
0902 : 1FF00000;
0903 : 00000000;
0904 : 00000000;
0905 : 0003F000;
0906 : 03D3E555;
0907 : F4000000;
0908 : 00000000;
0909 : 00000000;
090A : 00000000;
090B : 00000000;
090C : 00000000;
090D : F82F4B8B;
090E : 8FFFFFFF;
090F : FFD7F01F;
0910 : C0001FC0;
0911 : 00000000;
0912 : 00000000;
0913 : 00000000;
0914 : 00000000;
0915 : 00000000;
0916 : 00000000;
0917 : 00000000;
0918 : 00000000;
0919 : 001F801F;
091A : C07F0000;
091B : 000BE0FC;
091C : 01F8001F;
091D : BAF016FC;
091E : 00000000;
091F : 00000000;
0920 : 000001FE;
0921 : 00FF0000;
0922 : 0BF40000;
0923 : 00000000;
0924 : 00000000;
0925 : 0007F000;
0926 : 03D2E555;
0927 : F4000000;
0928 : 00000000;
0929 : 00000000;
092A : 00000000;
092B : 00000000;
092C : 00000000;
092D : B8BF0BEF;
092E : 8AAAABFA;
092F : AA97F42F;
0930 : 80002FC0;
0931 : 00000000;
0932 : 00000000;
0933 : 00000000;
0934 : 00000000;
0935 : 00000000;
0936 : 00000000;
0937 : 00000000;
0938 : 00000000;
0939 : 001F800F;
093A : D0BE0140;
093B : 400FE0FD;
093C : 02F8001E;
093D : B88007F4;
093E : 00000000;
093F : 00000000;
0940 : 000001FE;
0941 : 01FE0000;
0942 : 0BF40000;
0943 : 00000000;
0944 : 00000000;
0945 : 295FE000;
0946 : 03D3FFFF;
0947 : F4000000;
0948 : 00000000;
0949 : 00000000;
094A : 00000000;
094B : 00000000;
094C : 00000000;
094D : F8FD07FF;
094E : 400007E0;
094F : 0002F97F;
0950 : 42917F80;
0951 : 00000000;
0952 : 00000000;
0953 : 00000000;
0954 : 00000000;
0955 : 00000000;
0956 : 00000000;
0957 : 00000000;
0958 : 00000000;
0959 : 001F800B;
095A : F6FD0BD0;
095B : E9BFD0BF;
095C : 5BF4000D;
095D : B8002FD0;
095E : 00000000;
095F : 00000000;
0960 : 000000FF;
0961 : 42FD0500;
0962 : 1FF00000;
0963 : 00000000;
0964 : 00000000;
0965 : 2FFF8000;
0966 : 0BE15555;
0967 : 50000000;
0968 : 00000000;
0969 : 00000000;
096A : 00000000;
096B : 00000000;
096C : 00000002;
096D : FD2401A9;
096E : 000007E0;
096F : 0001FFFE;
0970 : 02FFFF00;
0971 : 00000000;
0972 : 00000000;
0973 : 00000000;
0974 : 00000000;
0975 : 00000000;
0976 : 00000000;
0977 : 00000000;
0978 : 00000000;
0979 : 001F8003;
097A : FFF40FE0;
097B : FFFF402F;
097C : FFD00004;
097D : B801BF40;
097E : 00000000;
097F : 00000000;
0980 : 0000007F;
0981 : EBF807EA;
0982 : BFE00000;
0983 : 00000000;
0984 : 00000000;
0985 : 1BF90000;
0986 : 2FFE5555;
0987 : 55000000;
0988 : 00000000;
0989 : 00000000;
098A : 00000000;
098B : 00000000;
098C : 0000000B;
098D : FFA55555;
098E : 40055FE0;
098F : 00007FF8;
0990 : 01FFF800;
0991 : 00000000;
0992 : 00000000;
0993 : 00000000;
0994 : 00000000;
0995 : 00000000;
0996 : 00000000;
0997 : 00000000;
0998 : 00000000;
0999 : 001A4000;
099A : AF900790;
099B : 6FE90006;
099C : FE400000;
099D : B81BFD00;
099E : 00000000;
099F : 00000000;
09A0 : 0000002F;
09A1 : FFF407FF;
09A2 : FF800000;
09A3 : 00000000;
09A4 : 00000000;
09A5 : 00000000;
09A6 : 1E7FFFFF;
09A7 : FD000000;
09A8 : 00000000;
09A9 : 00000000;
09AA : 00000000;
09AB : 00000000;
09AC : 0000000B;
09AD : DFFFFFFF;
09AE : C00BFFD0;
09AF : 00000540;
09B0 : 00154000;
09B1 : 00000000;
09B2 : 00000000;
09B3 : 00000000;
09B4 : 00000000;
09B5 : 00000000;
09B6 : 00000000;
09B7 : 00000000;
09B8 : 00000000;
09B9 : 00000000;
09BA : 00000000;
09BB : 00000000;
09BC : 00000000;
09BD : B87FE000;
09BE : 00000000;
09BF : 00000000;
09C0 : 0000000B;
09C1 : FF8006FF;
09C2 : F9000000;
09C3 : 00000000;
09C4 : 00000000;
09C5 : 00000000;
09C6 : 0806FFFF;
09C7 : FC000000;
09C8 : 00000000;
09C9 : 00000000;
09CA : 00000000;
09CB : 00000000;
09CC : 00000007;
09CD : 41BFFFFF;
09CE : 8007FF80;
09CF : 00000000;
09D0 : 00000000;
09D1 : 00000000;
09D2 : 00000000;
09D3 : 00000000;
09D4 : 00000000;
09D5 : 00000000;
09D6 : 00000000;
09D7 : 00000000;
09D8 : 00000000;
09D9 : 00000000;
09DA : 00000000;
09DB : 00000000;
09DC : 00000000;
09DD : BC2E4000;
09DE : 00000000;
09DF : 00000000;
09E0 : 00000000;
09E1 : 54000015;
09E2 : 40000000;
09E3 : 00000000;
09E4 : 00000000;
09E5 : 00000000;
09E6 : 00000000;
09E7 : 50000000;
09E8 : 00000000;
09E9 : 00000000;
09EA : 00000000;
09EB : 00000000;
09EC : 00000001;
09ED : 00015555;
09EE : 00015500;
09EF : 00000000;
09F0 : 00000000;
09F1 : 00000000;
09F2 : 00000000;
09F3 : 00000000;
09F4 : 00000000;
09F5 : 00000000;
09F6 : 00000000;
09F7 : 00000000;
09F8 : 00000000;
09F9 : 00000000;
09FA : 00000000;
09FB : 00000000;
09FC : 00000000;
09FD : 54000000;
09FE : 00000000;
09FF : 00000000;
0A00 : 00000000;
0A01 : 00000000;
0A02 : 00000000;
0A03 : 00000000;
0A04 : 00000000;
0A05 : 00000000;
0A06 : 00000000;
0A07 : 00000000;
0A08 : 00000000;
0A09 : 00000000;
0A0A : 00000000;
0A0B : 00000000;
0A0C : 00000000;
0A0D : 00000000;
0A0E : 00000000;
0A0F : 00000000;
0A10 : 00000000;
0A11 : 00000000;
0A12 : 00000000;
0A13 : 00000000;
0A14 : 00000000;
0A15 : 00000000;
0A16 : 00000000;
0A17 : 00000000;
0A18 : 00000000;
0A19 : 00000000;
0A1A : 00000000;
0A1B : 00000000;
0A1C : 00000000;
0A1D : 00000000;
0A1E : 00000000;
0A1F : 00000000;
0A20 : 00000000;
0A21 : 00000000;
0A22 : 00000000;
0A23 : 00000000;
0A24 : 00000000;
0A25 : 00000000;
0A26 : 00000000;
0A27 : 00000000;
0A28 : 00000000;
0A29 : 00000000;
0A2A : 00000000;
0A2B : 00000000;
0A2C : 00000000;
0A2D : 00000000;
0A2E : 00000000;
0A2F : 00000000;
0A30 : 00000000;
0A31 : 00000000;
0A32 : 00000000;
0A33 : 00000000;
0A34 : 00000000;
0A35 : 00000000;
0A36 : 00000000;
0A37 : 00000000;
0A38 : 00000000;
0A39 : 00000000;
0A3A : 00000000;
0A3B : 00000000;
0A3C : 00000000;
0A3D : 00000000;
0A3E : 00000000;
0A3F : 00000000;
0A40 : 00000000;
0A41 : 00000000;
0A42 : 00000000;
0A43 : 00000000;
0A44 : 00000000;
0A45 : 00000000;
0A46 : 00000000;
0A47 : 00000000;
0A48 : 00000000;
0A49 : 00000000;
0A4A : 00000000;
0A4B : 00000000;
0A4C : 00000000;
0A4D : 00000000;
0A4E : 00000000;
0A4F : 00000000;
0A50 : 00000000;
0A51 : 00000000;
0A52 : 00000000;
0A53 : 00000000;
0A54 : 00000000;
0A55 : 00000000;
0A56 : 00000000;
0A57 : 00000000;
0A58 : 00000000;
0A59 : 00000000;
0A5A : 00000000;
0A5B : 00000000;
0A5C : 00000000;
0A5D : 00000000;
0A5E : 00000000;
0A5F : 00000000;
0A60 : 00000000;
0A61 : 00000000;
0A62 : 00000000;
0A63 : 00000000;
0A64 : 00000000;
0A65 : 00000000;
0A66 : 00000000;
0A67 : 00000000;
0A68 : 00000000;
0A69 : 00000000;
0A6A : 00000000;
0A6B : 00000000;
0A6C : 00000000;
0A6D : 00000000;
0A6E : 00000000;
0A6F : 00000000;
0A70 : 00000000;
0A71 : 00000000;
0A72 : 00000000;
0A73 : 00000000;
0A74 : 00000000;
0A75 : 00000000;
0A76 : 00000000;
0A77 : 00000000;
0A78 : 00000000;
0A79 : 00000000;
0A7A : 00000000;
0A7B : 00000000;
0A7C : 00000000;
0A7D : 00000000;
0A7E : 00000000;
0A7F : 00000000;
0A80 : 00000000;
0A81 : 00000000;
0A82 : 00000000;
0A83 : 00000000;
0A84 : 00000000;
0A85 : 00000000;
0A86 : 00000000;
0A87 : 00000000;
0A88 : 00000000;
0A89 : 00000000;
0A8A : 00000000;
0A8B : 00000000;
0A8C : 00000000;
0A8D : 00000000;
0A8E : 00000000;
0A8F : 00000000;
0A90 : 00000000;
0A91 : 00000000;
0A92 : 00000000;
0A93 : 00000000;
0A94 : 00000000;
0A95 : 00000000;
0A96 : 00000000;
0A97 : 00000000;
0A98 : 00000000;
0A99 : 00000000;
0A9A : 00000000;
0A9B : 00000000;
0A9C : 00000000;
0A9D : 00000000;
0A9E : 00000000;
0A9F : 00000000;
0AA0 : 00000000;
0AA1 : 00000000;
0AA2 : 00000000;
0AA3 : 00000000;
0AA4 : 00000000;
0AA5 : 00000000;
0AA6 : 00000000;
0AA7 : 00000000;
0AA8 : 00000000;
0AA9 : 00000000;
0AAA : 00000000;
0AAB : 00000000;
0AAC : 00000000;
0AAD : 00000000;
0AAE : 00000000;
0AAF : 00000000;
0AB0 : 00000000;
0AB1 : 00000000;
0AB2 : 00000000;
0AB3 : 00000000;
0AB4 : 00000000;
0AB5 : 00000000;
0AB6 : 00000000;
0AB7 : 00000000;
0AB8 : 00000000;
0AB9 : 00000000;
0ABA : 00000000;
0ABB : 00000000;
0ABC : 00000000;
0ABD : 00000000;
0ABE : 00000000;
0ABF : 00000000;
0AC0 : 00000000;
0AC1 : 00000000;
0AC2 : 00000000;
0AC3 : 00000000;
0AC4 : 00000000;
0AC5 : 00000000;
0AC6 : 00000000;
0AC7 : 00000000;
0AC8 : 00000000;
0AC9 : 00000000;
0ACA : 00000000;
0ACB : 00000000;
0ACC : 00000000;
0ACD : 00000000;
0ACE : 00000000;
0ACF : 00000000;
0AD0 : 00000000;
0AD1 : 00000000;
0AD2 : 00000000;
0AD3 : 00000000;
0AD4 : 00000000;
0AD5 : 00000000;
0AD6 : 00000000;
0AD7 : 00000000;
0AD8 : 00000000;
0AD9 : 00000000;
0ADA : 00000000;
0ADB : 00000000;
0ADC : 00000000;
0ADD : 00000000;
0ADE : 00000000;
0ADF : 00000000;
0AE0 : 00000000;
0AE1 : 00000000;
0AE2 : 00000000;
0AE3 : 00000000;
0AE4 : 00000000;
0AE5 : 00000000;
0AE6 : 00000000;
0AE7 : 00000000;
0AE8 : 00000000;
0AE9 : 00000000;
0AEA : 00000000;
0AEB : 00000000;
0AEC : 00000000;
0AED : 00000000;
0AEE : 00000000;
0AEF : 00000000;
0AF0 : 00000000;
0AF1 : 00000000;
0AF2 : 00000000;
0AF3 : 00000000;
0AF4 : 00000000;
0AF5 : 00000000;
0AF6 : 00000000;
0AF7 : 00000000;
0AF8 : 00000000;
0AF9 : 00000000;
0AFA : 00000000;
0AFB : 00000000;
0AFC : 00000000;
0AFD : 00000000;
0AFE : 00000000;
0AFF : 00000000;
0B00 : 00000000;
0B01 : 55000000;
0B02 : 00000000;
0B03 : 00000000;
0B04 : 00000000;
0B05 : 00000000;
0B06 : 00001001;
0B07 : 00000000;
0B08 : 00000000;
0B09 : 00000000;
0B0A : 00000000;
0B0B : 00000000;
0B0C : 00000000;
0B0D : 00002A00;
0B0E : 00000000;
0B0F : 14000000;
0B10 : 00000000;
0B11 : 00000000;
0B12 : 00000000;
0B13 : 00000000;
0B14 : 00000000;
0B15 : 00000000;
0B16 : 00000000;
0B17 : 00000000;
0B18 : 00000000;
0B19 : 00000000;
0B1A : 00000000;
0B1B : 00000000;
0B1C : 00000000;
0B1D : 01401A00;
0B1E : 00000000;
0B1F : 00000000;
0B20 : 00000006;
0B21 : FFD00000;
0B22 : 3FC00000;
0B23 : 00000000;
0B24 : 00000000;
0B25 : 00000000;
0B26 : 0B40BC0B;
0B27 : 80000000;
0B28 : 00000000;
0B29 : 00000000;
0B2A : 00000000;
0B2B : 00000000;
0B2C : 00000001;
0B2D : D0192E00;
0B2E : 02AAABFF;
0B2F : FE000550;
0B30 : 00000000;
0B31 : 00000000;
0B32 : 00000000;
0B33 : 00000000;
0B34 : 00000000;
0B35 : 00000000;
0B36 : 00000000;
0B37 : 00000000;
0B38 : 00000000;
0B39 : 00064000;
0B3A : 1A400000;
0B3B : 00054000;
0B3C : 6A40001A;
0B3D : BFD02F00;
0B3E : 00000000;
0B3F : 00000000;
0B40 : 0000001F;
0B41 : FFF40000;
0B42 : BFC00000;
0B43 : 00000000;
0B44 : 00000000;
0B45 : 006FD000;
0B46 : 1FC57E5F;
0B47 : 94000000;
0B48 : 00000000;
0B49 : 00000000;
0B4A : 00000000;
0B4B : 00000000;
0B4C : 00000003;
0B4D : F42E2E00;
0B4E : 02FFFFFF;
0B4F : FF002FF8;
0B50 : 00007F00;
0B51 : 00000000;
0B52 : 00000000;
0B53 : 00000000;
0B54 : 00000000;
0B55 : 00000000;
0B56 : 00000000;
0B57 : 00000000;
0B58 : 00000000;
0B59 : 006F8001;
0B5A : FFF40000;
0B5B : 002F8006;
0B5C : FFD0001F;
0B5D : FFD02F00;
0B5E : 00000000;
0B5F : 00000000;
0B60 : 0000007F;
0B61 : EBFC0000;
0B62 : FFC00000;
0B63 : 00000000;
0B64 : 00000000;
0B65 : 02FFE000;
0B66 : 07EBFFFF;
0B67 : FD000000;
0B68 : 00000000;
0B69 : 00000000;
0B6A : 00000000;
0B6B : 00000000;
0B6C : 00000001;
0B6D : F87EBFAA;
0B6E : 41FAABE9;
0B6F : 5500FFFF;
0B70 : 0000BF00;
0B71 : 00000000;
0B72 : 00000000;
0B73 : 00000000;
0B74 : 00000000;
0B75 : 00000000;
0B76 : 00000000;
0B77 : 00000000;
0B78 : 00000000;
0B79 : 06FF8007;
0B7A : FBFD0000;
0B7B : 007F800F;
0B7C : FAD0000A;
0B7D : FD466F68;
0B7E : 00000000;
0B7F : 00000000;
0B80 : 000000BF;
0B81 : 42FE0002;
0B82 : FFC00000;
0B83 : 00000000;
0B84 : 00000000;
0B85 : 0BE5A000;
0B86 : 02E6ABEA;
0B87 : A8000000;
0B88 : 00000000;
0B89 : 00000000;
0B8A : 00000000;
0B8B : 00000000;
0B8C : 00000000;
0B8D : BDBFFFFF;
0B8E : 400007E0;
0B8F : 0002F97F;
0B90 : 4001FF00;
0B91 : 00000000;
0B92 : 00000000;
0B93 : 00000000;
0B94 : 00000000;
0B95 : 00000000;
0B96 : 00000000;
0B97 : 00000000;
0B98 : 00000000;
0B99 : 0BFF800B;
0B9A : E0BE0000;
0B9B : 00FF802F;
0B9C : 80000000;
0B9D : B80BAF7D;
0B9E : 00000000;
0B9F : 00000000;
0BA0 : 000000FF;
0BA1 : 01FE0007;
0BA2 : FFC00000;
0BA3 : 00000000;
0BA4 : 00000000;
0BA5 : 1F800000;
0BA6 : 014157E5;
0BA7 : 50000000;
0BA8 : 00000000;
0BA9 : 00000000;
0BAA : 00000000;
0BAB : 00000000;
0BAC : 00000000;
0BAD : 24FABFAA;
0BAE : 400007E0;
0BAF : 0003F42F;
0BB0 : C003FF00;
0BB1 : 00000000;
0BB2 : 00000000;
0BB3 : 00000000;
0BB4 : 00000000;
0BB5 : 00000000;
0BB6 : 00000000;
0BB7 : 00000000;
0BB8 : 00000000;
0BB9 : 0B9F801F;
0BBA : C07F0000;
0BBB : 02FF807F;
0BBC : 00000005;
0BBD : BD5F6F2E;
0BBE : 00000000;
0BBF : 00000000;
0BC0 : 000001FE;
0BC1 : 00FF000F;
0BC2 : AFC00000;
0BC3 : 00000000;
0BC4 : 00000000;
0BC5 : 2F000000;
0BC6 : 0003FFFF;
0BC7 : F4000000;
0BC8 : 00000000;
0BC9 : 00000000;
0BCA : 00000000;
0BCB : 00000000;
0BCC : 00000000;
0BCD : 00B02E00;
0BCE : 02FFFFFF;
0BCF : FE07F01F;
0BD0 : C00BBF00;
0BD1 : 00000000;
0BD2 : 00000000;
0BD3 : 00000000;
0BD4 : 00000000;
0BD5 : 00000000;
0BD6 : 00000000;
0BD7 : 00000000;
0BD8 : 00000000;
0BD9 : 041F801F;
0BDA : C07F4000;
0BDB : 07EF80BE;
0BDC : 0000001F;
0BDD : FFFF2F1F;
0BDE : 40000000;
0BDF : 00000000;
0BE0 : 000001FD;
0BE1 : 00BF402F;
0BE2 : 6FC00000;
0BE3 : 00000000;
0BE4 : 00000000;
0BE5 : 3E1A4000;
0BE6 : 1A92E555;
0BE7 : F4000000;
0BE8 : 00000000;
0BE9 : 00000000;
0BEA : 00000000;
0BEB : 00000000;
0BEC : 00000005;
0BED : 54557F55;
0BEE : 42FFFFFF;
0BEF : FF0BE00F;
0BF0 : D01F7F00;
0BF1 : 00000000;
0BF2 : 00000000;
0BF3 : 00000000;
0BF4 : 00000000;
0BF5 : 00000000;
0BF6 : 00000000;
0BF7 : 00000000;
0BF8 : 00000000;
0BF9 : 001F802F;
0BFA : 803F4000;
0BFB : 0F9F80BD;
0BFC : 7E40001F;
0BFD : FFFE2F0B;
0BFE : C0000000;
0BFF : 00000000;
0C00 : 000002FD;
0C01 : 00BF40BE;
0C02 : 2FC00000;
0C03 : 00000000;
0C04 : 00000000;
0C05 : 7EFFD000;
0C06 : 2FD3E555;
0C07 : F4000000;
0C08 : 00000000;
0C09 : 00000000;
0C0A : 00000000;
0C0B : 00000000;
0C0C : 0000000B;
0C0D : F9FFFFFF;
0C0E : C1AAABEA;
0C0F : AA0BE00F;
0C10 : D07D3F00;
0C11 : 00000000;
0C12 : 00000000;
0C13 : 00000000;
0C14 : 00000000;
0C15 : 00000000;
0C16 : 00000000;
0C17 : 00000000;
0C18 : 00000000;
0C19 : 001F802F;
0C1A : 803F4000;
0C1B : 2F1F80FE;
0C1C : FFD00001;
0C1D : FC7D2F07;
0C1E : 80000000;
0C1F : 00000000;
0C20 : 000002FD;
0C21 : 00BF41FC;
0C22 : 2FC00000;
0C23 : 00000000;
0C24 : 00000000;
0C25 : 7FEBF400;
0C26 : 1BD3FFFF;
0C27 : F4000000;
0C28 : 00000000;
0C29 : 00000000;
0C2A : 00000000;
0C2B : 00000000;
0C2C : 0000000B;
0C2D : F9FFFFFF;
0C2E : C00007E0;
0C2F : 000BE00F;
0C30 : D0B83F00;
0C31 : 00000000;
0C32 : 00000000;
0C33 : 00000000;
0C34 : 00000000;
0C35 : 00000000;
0C36 : 00000000;
0C37 : 00000000;
0C38 : 00000000;
0C39 : 001F802F;
0C3A : 803F4000;
0C3B : 7D1F80FF;
0C3C : 9BF00002;
0C3D : FC7D2F09;
0C3E : 00000000;
0C3F : 00000000;
0C40 : 000002FD;
0C41 : 00BF47F4;
0C42 : 2FC00000;
0C43 : 00000000;
0C44 : 00000000;
0C45 : 7F02F800;
0C46 : 03D3E555;
0C47 : F4000000;
0C48 : 00000000;
0C49 : 00000000;
0C4A : 00000000;
0C4B : 00000000;
0C4C : 00000001;
0C4D : F80B8B84;
0C4E : 000007E0;
0C4F : 000BE00F;
0C50 : D2F03F00;
0C51 : 00000000;
0C52 : 00000000;
0C53 : 00000000;
0C54 : 00000000;
0C55 : 00000000;
0C56 : 00000000;
0C57 : 00000000;
0C58 : 00000000;
0C59 : 001F802F;
0C5A : 803F4001;
0C5B : F41F80FE;
0C5C : 03F40003;
0C5D : FF442F2F;
0C5E : 40000000;
0C5F : 00000000;
0C60 : 000002FD;
0C61 : 00BF4FD0;
0C62 : 2FC00000;
0C63 : 00000000;
0C64 : 00000000;
0C65 : 7E01F800;
0C66 : 03D3FFFF;
0C67 : F4000000;
0C68 : 00000000;
0C69 : 00000000;
0C6A : 00000000;
0C6B : 00000000;
0C6C : 00000000;
0C6D : B80F8B87;
0C6E : 4FFFFFFF;
0C6F : FFDBE00F;
0C70 : C7E57F50;
0C71 : 00000000;
0C72 : 00000000;
0C73 : 00000000;
0C74 : 00000000;
0C75 : 00000000;
0C76 : 00000000;
0C77 : 00000000;
0C78 : 00000000;
0C79 : 001F802F;
0C7A : 807F4003;
0C7B : FAAFE4FD;
0C7C : 02F4000B;
0C7D : FFE02F7E;
0C7E : 00000000;
0C7F : 00000000;
0C80 : 000002FD;
0C81 : 00BF2FEA;
0C82 : BFE90000;
0C83 : 00000000;
0C84 : 00000000;
0C85 : 3E01F800;
0C86 : 03D3E555;
0C87 : F4000000;
0C88 : 00000000;
0C89 : 00000000;
0C8A : 00000000;
0C8B : 00000000;
0C8C : 00000000;
0C8D : F82F4B8B;
0C8E : 8FFFFFFF;
0C8F : FFD7F01F;
0C90 : CBFFFFF0;
0C91 : 00000000;
0C92 : 00000000;
0C93 : 00000000;
0C94 : 00000000;
0C95 : 00000000;
0C96 : 00000000;
0C97 : 00000000;
0C98 : 00000000;
0C99 : 001F801F;
0C9A : C07F0003;
0C9B : FFFFF8BD;
0C9C : 02F4001F;
0C9D : BAF016FC;
0C9E : 00000000;
0C9F : 00000000;
0CA0 : 000001FE;
0CA1 : 00FF2FFF;
0CA2 : FFFE0000;
0CA3 : 00000000;
0CA4 : 00000000;
0CA5 : 2F02F400;
0CA6 : 03D2E555;
0CA7 : F4000000;
0CA8 : 00000000;
0CA9 : 00000000;
0CAA : 00000000;
0CAB : 00000000;
0CAC : 00000000;
0CAD : B8BF0BEF;
0CAE : 8AAAABFA;
0CAF : AA97F42F;
0CB0 : 8BFFFFF0;
0CB1 : 00000000;
0CB2 : 00000000;
0CB3 : 00000000;
0CB4 : 00000000;
0CB5 : 00000000;
0CB6 : 00000000;
0CB7 : 00000000;
0CB8 : 00000000;
0CB9 : 001F800F;
0CBA : D0BE0142;
0CBB : AAAFE47E;
0CBC : 03F0001E;
0CBD : B88007F4;
0CBE : 00000000;
0CBF : 00000000;
0CC0 : 000001FE;
0CC1 : 01FE2FFF;
0CC2 : FFFE0000;
0CC3 : 00000000;
0CC4 : 00000000;
0CC5 : 1F9BF000;
0CC6 : 03D3FFFF;
0CC7 : F4000000;
0CC8 : 00000000;
0CC9 : 00000000;
0CCA : 00000000;
0CCB : 00000000;
0CCC : 00000000;
0CCD : F8FD07FF;
0CCE : 400007E0;
0CCF : 0002F97F;
0CD0 : 40003F00;
0CD1 : 00000000;
0CD2 : 00000000;
0CD3 : 00000000;
0CD4 : 00000000;
0CD5 : 00000000;
0CD6 : 00000000;
0CD7 : 00000000;
0CD8 : 00000000;
0CD9 : 001F800B;
0CDA : F6FD0BD0;
0CDB : 001F803F;
0CDC : 9BE0000D;
0CDD : B8002FD0;
0CDE : 00000000;
0CDF : 00000000;
0CE0 : 000000FF;
0CE1 : 42FD0000;
0CE2 : 2FD00000;
0CE3 : 00000000;
0CE4 : 00000000;
0CE5 : 0BFFD000;
0CE6 : 0BE15555;
0CE7 : 50000000;
0CE8 : 00000000;
0CE9 : 00000000;
0CEA : 00000000;
0CEB : 00000000;
0CEC : 00000002;
0CED : FD2401A9;
0CEE : 000007E0;
0CEF : 0001FFFE;
0CF0 : 00003F00;
0CF1 : 00000000;
0CF2 : 00000000;
0CF3 : 00000000;
0CF4 : 00000000;
0CF5 : 00000000;
0CF6 : 00000000;
0CF7 : 00000000;
0CF8 : 00000000;
0CF9 : 001F8003;
0CFA : FFF40FE0;
0CFB : 001F801F;
0CFC : FF800004;
0CFD : B801BF40;
0CFE : 00000000;
0CFF : 00000000;
0D00 : 0000007F;
0D01 : EBF80000;
0D02 : 2FC00000;
0D03 : 00000000;
0D04 : 00000000;
0D05 : 01BE4000;
0D06 : 2FFE5555;
0D07 : 55000000;
0D08 : 00000000;
0D09 : 00000000;
0D0A : 00000000;
0D0B : 00000000;
0D0C : 0000000B;
0D0D : FFA55555;
0D0E : 40055FE0;
0D0F : 00007FF8;
0D10 : 00003F00;
0D11 : 00000000;
0D12 : 00000000;
0D13 : 00000000;
0D14 : 00000000;
0D15 : 00000000;
0D16 : 00000000;
0D17 : 00000000;
0D18 : 00000000;
0D19 : 001A4000;
0D1A : AF900790;
0D1B : 001A4006;
0D1C : FA000000;
0D1D : B81BFD00;
0D1E : 00000000;
0D1F : 00000000;
0D20 : 0000002F;
0D21 : FFF40000;
0D22 : 2FC00000;
0D23 : 00000000;
0D24 : 00000000;
0D25 : 00000000;
0D26 : 1E7FFFFF;
0D27 : FD000000;
0D28 : 00000000;
0D29 : 00000000;
0D2A : 00000000;
0D2B : 00000000;
0D2C : 0000000B;
0D2D : DFFFFFFF;
0D2E : C00BFFD0;
0D2F : 00000540;
0D30 : 00000000;
0D31 : 00000000;
0D32 : 00000000;
0D33 : 00000000;
0D34 : 00000000;
0D35 : 00000000;
0D36 : 00000000;
0D37 : 00000000;
0D38 : 00000000;
0D39 : 00000000;
0D3A : 00000000;
0D3B : 00000000;
0D3C : 00000000;
0D3D : B87FE000;
0D3E : 00000000;
0D3F : 00000000;
0D40 : 0000000B;
0D41 : FF800000;
0D42 : 2FC00000;
0D43 : 00000000;
0D44 : 00000000;
0D45 : 00000000;
0D46 : 0806FFFF;
0D47 : FC000000;
0D48 : 00000000;
0D49 : 00000000;
0D4A : 00000000;
0D4B : 00000000;
0D4C : 00000007;
0D4D : 41BFFFFF;
0D4E : 8007FF80;
0D4F : 00000000;
0D50 : 00000000;
0D51 : 00000000;
0D52 : 00000000;
0D53 : 00000000;
0D54 : 00000000;
0D55 : 00000000;
0D56 : 00000000;
0D57 : 00000000;
0D58 : 00000000;
0D59 : 00000000;
0D5A : 00000000;
0D5B : 00000000;
0D5C : 00000000;
0D5D : BC2E4000;
0D5E : 00000000;
0D5F : 00000000;
0D60 : 00000000;
0D61 : 54000000;
0D62 : 00000000;
0D63 : 00000000;
0D64 : 00000000;
0D65 : 00000000;
0D66 : 00000000;
0D67 : 50000000;
0D68 : 00000000;
0D69 : 00000000;
0D6A : 00000000;
0D6B : 00000000;
0D6C : 00000001;
0D6D : 00015555;
0D6E : 00015500;
0D6F : 00000000;
0D70 : 00000000;
0D71 : 00000000;
0D72 : 00000000;
0D73 : 00000000;
0D74 : 00000000;
0D75 : 00000000;
0D76 : 00000000;
0D77 : 00000000;
0D78 : 00000000;
0D79 : 00000000;
0D7A : 00000000;
0D7B : 00000000;
0D7C : 00000000;
0D7D : 54000000;
0D7E : 00000000;
0D7F : 00000000;
0D80 : 00000000;
0D81 : 00000000;
0D82 : 00000000;
0D83 : 00000000;
0D84 : 00000000;
0D85 : 00000000;
0D86 : 00000000;
0D87 : 00000000;
0D88 : 00000000;
0D89 : 00000000;
0D8A : 00000000;
0D8B : 00000000;
0D8C : 00000000;
0D8D : 00000000;
0D8E : 00000000;
0D8F : 00000000;
0D90 : 00000000;
0D91 : 00000000;
0D92 : 00000000;
0D93 : 00000000;
0D94 : 00000000;
0D95 : 00000000;
0D96 : 00000000;
0D97 : 00000000;
0D98 : 00000000;
0D99 : 00000000;
0D9A : 00000000;
0D9B : 00000000;
0D9C : 00000000;
0D9D : 00000000;
0D9E : 00000000;
0D9F : 00000000;
0DA0 : 00000000;
0DA1 : 00000000;
0DA2 : 00000000;
0DA3 : 00000000;
0DA4 : 00000000;
0DA5 : 00000000;
0DA6 : 00000000;
0DA7 : 00000000;
0DA8 : 00000000;
0DA9 : 00000000;
0DAA : 00000000;
0DAB : 00000000;
0DAC : 00000000;
0DAD : 00000000;
0DAE : 00000000;
0DAF : 00000000;
0DB0 : 00000000;
0DB1 : 00000000;
0DB2 : 00000000;
0DB3 : 00000000;
0DB4 : 00000000;
0DB5 : 00000000;
0DB6 : 00000000;
0DB7 : 00000000;
0DB8 : 00000000;
0DB9 : 00000000;
0DBA : 00000000;
0DBB : 00000000;
0DBC : 00000000;
0DBD : 00000000;
0DBE : 00000000;
0DBF : 00000000;
0DC0 : 00000000;
0DC1 : 00000000;
0DC2 : 00000000;
0DC3 : 00000000;
0DC4 : 00000000;
0DC5 : 00000000;
0DC6 : 00000000;
0DC7 : 00000000;
0DC8 : 00000000;
0DC9 : 00000000;
0DCA : 00000000;
0DCB : 00000000;
0DCC : 00000000;
0DCD : 00000000;
0DCE : 00000000;
0DCF : 00000000;
0DD0 : 00000000;
0DD1 : 00000000;
0DD2 : 00000000;
0DD3 : 00000000;
0DD4 : 00000000;
0DD5 : 00000000;
0DD6 : 00000000;
0DD7 : 00000000;
0DD8 : 00000000;
0DD9 : 00000000;
0DDA : 00000000;
0DDB : 00000000;
0DDC : 00000000;
0DDD : 00000000;
0DDE : 00000000;
0DDF : 00000000;
0DE0 : 00000000;
0DE1 : 00000000;
0DE2 : 00000000;
0DE3 : 00000000;
0DE4 : 00000000;
0DE5 : 00000000;
0DE6 : 00000000;
0DE7 : 00000000;
0DE8 : 00000000;
0DE9 : 00000000;
0DEA : 00000000;
0DEB : 00000000;
0DEC : 00000000;
0DED : 00000000;
0DEE : 00000000;
0DEF : 00000000;
0DF0 : 00000000;
0DF1 : 00000000;
0DF2 : 00000000;
0DF3 : 00000000;
0DF4 : 00000000;
0DF5 : 00000000;
0DF6 : 00000000;
0DF7 : 00000000;
0DF8 : 00000000;
0DF9 : 00000000;
0DFA : 00000000;
0DFB : 00000000;
0DFC : 00000000;
0DFD : 00000000;
0DFE : 00000000;
0DFF : 00000000;
0E00 : 00000000;
0E01 : 00000000;
0E02 : 00000000;
0E03 : 00000000;
0E04 : 00000000;
0E05 : 00000000;
0E06 : 00000000;
0E07 : 00000000;
0E08 : 00000000;
0E09 : 00000000;
0E0A : 00000000;
0E0B : 00000000;
0E0C : 00000000;
0E0D : 00000000;
0E0E : 00000000;
0E0F : 00000000;
0E10 : 00000000;
0E11 : 00000000;
0E12 : 00000000;
0E13 : 00000000;
0E14 : 00000000;
0E15 : 00000000;
0E16 : 00000000;
0E17 : 00000000;
0E18 : 00000000;
0E19 : 00000000;
0E1A : 00000000;
0E1B : 00000000;
0E1C : 00000000;
0E1D : 00000000;
0E1E : 00000000;
0E1F : 00000000;
0E20 : 00000000;
0E21 : 00000000;
0E22 : 00000000;
0E23 : 00000000;
0E24 : 00000000;
0E25 : 00000000;
0E26 : 00000000;
0E27 : 00000000;
0E28 : 00000000;
0E29 : 00000000;
0E2A : 00000000;
0E2B : 00000000;
0E2C : 00000000;
0E2D : 00000000;
0E2E : 00000000;
0E2F : 00000000;
0E30 : 00000000;
0E31 : 00000000;
0E32 : 00000000;
0E33 : 00000000;
0E34 : 00000000;
0E35 : 00000000;
0E36 : 00000000;
0E37 : 00000000;
0E38 : 00000000;
0E39 : 00000000;
0E3A : 00000000;
0E3B : 00000000;
0E3C : 00000000;
0E3D : 00000000;
0E3E : 00000000;
0E3F : 00000000;
0E40 : 00000000;
0E41 : 00000000;
0E42 : 00000000;
0E43 : 00000000;
0E44 : 00000000;
0E45 : 00000000;
0E46 : 00000000;
0E47 : 00000000;
0E48 : 00000000;
0E49 : 00000000;
0E4A : 00000000;
0E4B : 00000000;
0E4C : 00000000;
0E4D : 00000000;
0E4E : 00000000;
0E4F : 00000000;
0E50 : 00000000;
0E51 : 00000000;
0E52 : 00000000;
0E53 : 00000000;
0E54 : 00000000;
0E55 : 00000000;
0E56 : 00000000;
0E57 : 00000000;
0E58 : 00000000;
0E59 : 00000000;
0E5A : 00000000;
0E5B : 00000000;
0E5C : 00000000;
0E5D : 00000000;
0E5E : 00000000;
0E5F : 00000000;
0E60 : 00000000;
0E61 : 00000000;
0E62 : 00000000;
0E63 : 00000000;
0E64 : 00000000;
0E65 : 00000000;
0E66 : 00000000;
0E67 : 00000000;
0E68 : 00000000;
0E69 : 00000000;
0E6A : 00000000;
0E6B : 00000000;
0E6C : 00000000;
0E6D : 00000000;
0E6E : 00000000;
0E6F : 00000000;
0E70 : 00000000;
0E71 : 00000000;
0E72 : 00000000;
0E73 : 00000000;
0E74 : 00000000;
0E75 : 00000000;
0E76 : 00000000;
0E77 : 00000000;
0E78 : 00000000;
0E79 : 00000000;
0E7A : 00000000;
0E7B : 00000000;
0E7C : 00000000;
0E7D : 00000000;
0E7E : 00000000;
0E7F : 00000000;
0E80 : 00000000;
0E81 : 55000000;
0E82 : 00000000;
0E83 : 00000000;
0E84 : 00000000;
0E85 : 00000000;
0E86 : 00001001;
0E87 : 00000000;
0E88 : 00000000;
0E89 : 00000000;
0E8A : 00000000;
0E8B : 00000000;
0E8C : 00000000;
0E8D : 00002A00;
0E8E : 00000000;
0E8F : 14000000;
0E90 : 00000000;
0E91 : 00000000;
0E92 : 00000000;
0E93 : 00000000;
0E94 : 00000000;
0E95 : 00000000;
0E96 : 00000000;
0E97 : 00000000;
0E98 : 00000000;
0E99 : 00000000;
0E9A : 00000000;
0E9B : 00000000;
0E9C : 00000000;
0E9D : 01401A00;
0E9E : 00000000;
0E9F : 00000000;
0EA0 : 00000006;
0EA1 : FFD000FF;
0EA2 : FFE00000;
0EA3 : 00000000;
0EA4 : 00000000;
0EA5 : 00000000;
0EA6 : 0B40BC0B;
0EA7 : 80000000;
0EA8 : 00000000;
0EA9 : 00000000;
0EAA : 00000000;
0EAB : 00000000;
0EAC : 00000001;
0EAD : D0192E00;
0EAE : 02AAABFF;
0EAF : FE000550;
0EB0 : 00000000;
0EB1 : 00000000;
0EB2 : 00000000;
0EB3 : 00000000;
0EB4 : 00000000;
0EB5 : 00000000;
0EB6 : 00000000;
0EB7 : 00000000;
0EB8 : 00000000;
0EB9 : 00064000;
0EBA : 1A400000;
0EBB : 15554005;
0EBC : 5550001A;
0EBD : BFD02F00;
0EBE : 00000000;
0EBF : 00000000;
0EC0 : 0000001F;
0EC1 : FFF400FF;
0EC2 : FFE00000;
0EC3 : 00000000;
0EC4 : 00000000;
0EC5 : 06FE0000;
0EC6 : 1FC57E5F;
0EC7 : 94000000;
0EC8 : 00000000;
0EC9 : 00000000;
0ECA : 00000000;
0ECB : 00000000;
0ECC : 00000003;
0ECD : F42E2E00;
0ECE : 02FFFFFF;
0ECF : FF002FF8;
0ED0 : 007FFF80;
0ED1 : 00000000;
0ED2 : 00000000;
0ED3 : 00000000;
0ED4 : 00000000;
0ED5 : 00000000;
0ED6 : 00000000;
0ED7 : 00000000;
0ED8 : 00000000;
0ED9 : 006F8001;
0EDA : FFF40000;
0EDB : 3FFFD02F;
0EDC : FFE0001F;
0EDD : FFD02F00;
0EDE : 00000000;
0EDF : 00000000;
0EE0 : 0000007F;
0EE1 : EBFC01FF;
0EE2 : FFE00000;
0EE3 : 00000000;
0EE4 : 00000000;
0EE5 : 2FFFD000;
0EE6 : 07EBFFFF;
0EE7 : FD000000;
0EE8 : 00000000;
0EE9 : 00000000;
0EEA : 00000000;
0EEB : 00000000;
0EEC : 00000001;
0EED : F87EBFAA;
0EEE : 41FAABE9;
0EEF : 5500FFFF;
0EF0 : 00BFFF80;
0EF1 : 00000000;
0EF2 : 00000000;
0EF3 : 00000000;
0EF4 : 00000000;
0EF5 : 00000000;
0EF6 : 00000000;
0EF7 : 00000000;
0EF8 : 00000000;
0EF9 : 06FF8007;
0EFA : FBFD0000;
0EFB : 3FFFD02F;
0EFC : FFE0000A;
0EFD : FD466F68;
0EFE : 00000000;
0EFF : 00000000;
0F00 : 000000BF;
0F01 : 42FE01FD;
0F02 : 00000000;
0F03 : 00000000;
0F04 : 00000000;
0F05 : 2E5FE000;
0F06 : 02E6ABEA;
0F07 : A8000000;
0F08 : 00000000;
0F09 : 00000000;
0F0A : 00000000;
0F0B : 00000000;
0F0C : 00000000;
0F0D : BDBFFFFF;
0F0E : 400007E0;
0F0F : 0002F97F;
0F10 : 40BEAA40;
0F11 : 00000000;
0F12 : 00000000;
0F13 : 00000000;
0F14 : 00000000;
0F15 : 00000000;
0F16 : 00000000;
0F17 : 00000000;
0F18 : 00000000;
0F19 : 0BFF800B;
0F1A : E0BE0000;
0F1B : 3F55402F;
0F1C : 55500000;
0F1D : B80BAF7D;
0F1E : 00000000;
0F1F : 00000000;
0F20 : 000000FF;
0F21 : 01FE01F8;
0F22 : 00000000;
0F23 : 00000000;
0F24 : 00000000;
0F25 : 1407F000;
0F26 : 014157E5;
0F27 : 50000000;
0F28 : 00000000;
0F29 : 00000000;
0F2A : 00000000;
0F2B : 00000000;
0F2C : 00000000;
0F2D : 24FABFAA;
0F2E : 400007E0;
0F2F : 0003F42F;
0F30 : C0BC0000;
0F31 : 00000000;
0F32 : 00000000;
0F33 : 00000000;
0F34 : 00000000;
0F35 : 00000000;
0F36 : 00000000;
0F37 : 00000000;
0F38 : 00000000;
0F39 : 0B9F801F;
0F3A : C07F0000;
0F3B : 3E00002F;
0F3C : 00000005;
0F3D : BD5F6F2E;
0F3E : 00000000;
0F3F : 00000000;
0F40 : 000001FE;
0F41 : 00FF01F8;
0F42 : 00000000;
0F43 : 00000000;
0F44 : 00000000;
0F45 : 0003F000;
0F46 : 0003FFFF;
0F47 : F4000000;
0F48 : 00000000;
0F49 : 00000000;
0F4A : 00000000;
0F4B : 00000000;
0F4C : 00000000;
0F4D : 00B02E00;
0F4E : 02FFFFFF;
0F4F : FE07F01F;
0F50 : C0BC0000;
0F51 : 00000000;
0F52 : 00000000;
0F53 : 00000000;
0F54 : 00000000;
0F55 : 00000000;
0F56 : 00000000;
0F57 : 00000000;
0F58 : 00000000;
0F59 : 041F801F;
0F5A : C07F4000;
0F5B : 3E00002F;
0F5C : 0000001F;
0F5D : FFFF2F1F;
0F5E : 40000000;
0F5F : 00000000;
0F60 : 000001FD;
0F61 : 00BF41F9;
0F62 : 50000000;
0F63 : 00000000;
0F64 : 00000000;
0F65 : 0007E000;
0F66 : 1A92E555;
0F67 : F4000000;
0F68 : 00000000;
0F69 : 00000000;
0F6A : 00000000;
0F6B : 00000000;
0F6C : 00000005;
0F6D : 54557F55;
0F6E : 42FFFFFF;
0F6F : FF0BE00F;
0F70 : D0BD5000;
0F71 : 00000000;
0F72 : 00000000;
0F73 : 00000000;
0F74 : 00000000;
0F75 : 00000000;
0F76 : 00000000;
0F77 : 00000000;
0F78 : 00000000;
0F79 : 001F802F;
0F7A : 803F4000;
0F7B : 7FA9002F;
0F7C : A900001F;
0F7D : FFFE2F0B;
0F7E : C0000000;
0F7F : 00000000;
0F80 : 000002FD;
0F81 : 00BF42FF;
0F82 : FE000000;
0F83 : 00000000;
0F84 : 00000000;
0F85 : 000FD000;
0F86 : 2FD3E555;
0F87 : F4000000;
0F88 : 00000000;
0F89 : 00000000;
0F8A : 00000000;
0F8B : 00000000;
0F8C : 0000000B;
0F8D : F9FFFFFF;
0F8E : C1AAABEA;
0F8F : AA0BE00F;
0F90 : D0BFFE00;
0F91 : 00000000;
0F92 : 00000000;
0F93 : 00000000;
0F94 : 00000000;
0F95 : 00000000;
0F96 : 00000000;
0F97 : 00000000;
0F98 : 00000000;
0F99 : 001F802F;
0F9A : 803F4000;
0F9B : 7FFF803F;
0F9C : FF800001;
0F9D : FC7D2F07;
0F9E : 80000000;
0F9F : 00000000;
0FA0 : 000002FD;
0FA1 : 00BF42FF;
0FA2 : FFD00000;
0FA3 : 00000000;
0FA4 : 00000000;
0FA5 : 006F8000;
0FA6 : 1BD3FFFF;
0FA7 : F4000000;
0FA8 : 00000000;
0FA9 : 00000000;
0FAA : 00000000;
0FAB : 00000000;
0FAC : 0000000B;
0FAD : F9FFFFFF;
0FAE : C00007E0;
0FAF : 000BE00F;
0FB0 : D0FFFF80;
0FB1 : 00000000;
0FB2 : 00000000;
0FB3 : 00000000;
0FB4 : 00000000;
0FB5 : 00000000;
0FB6 : 00000000;
0FB7 : 00000000;
0FB8 : 00000000;
0FB9 : 001F802F;
0FBA : 803F4000;
0FBB : 7AFFD02A;
0FBC : BFE00002;
0FBD : FC7D2F09;
0FBE : 00000000;
0FBF : 00000000;
0FC0 : 000002FD;
0FC1 : 00BF41AA;
0FC2 : FFE00000;
0FC3 : 00000000;
0FC4 : 00000000;
0FC5 : 01FE0000;
0FC6 : 03D3E555;
0FC7 : F4000000;
0FC8 : 00000000;
0FC9 : 00000000;
0FCA : 00000000;
0FCB : 00000000;
0FCC : 00000001;
0FCD : F80B8B84;
0FCE : 000007E0;
0FCF : 000BE00F;
0FD0 : D0557FC0;
0FD1 : 00000000;
0FD2 : 00000000;
0FD3 : 00000000;
0FD4 : 00000000;
0FD5 : 00000000;
0FD6 : 00000000;
0FD7 : 00000000;
0FD8 : 00000000;
0FD9 : 001F802F;
0FDA : 803F4000;
0FDB : 001FE000;
0FDC : 0BF40003;
0FDD : FF442F2F;
0FDE : 40000000;
0FDF : 00000000;
0FE0 : 000002FD;
0FE1 : 00BF4000;
0FE2 : 1FF40000;
0FE3 : 00000000;
0FE4 : 00000000;
0FE5 : 07F80000;
0FE6 : 03D3FFFF;
0FE7 : F4000000;
0FE8 : 00000000;
0FE9 : 00000000;
0FEA : 00000000;
0FEB : 00000000;
0FEC : 00000000;
0FED : B80F8B87;
0FEE : 4FFFFFFF;
0FEF : FFDBE00F;
0FF0 : D0001FD0;
0FF1 : 00000000;
0FF2 : 00000000;
0FF3 : 00000000;
0FF4 : 00000000;
0FF5 : 00000000;
0FF6 : 00000000;
0FF7 : 00000000;
0FF8 : 00000000;
0FF9 : 001F802F;
0FFA : 807F4000;
0FFB : 0007F000;
0FFC : 03F4000B;
0FFD : FFE02F7E;
0FFE : 00000000;
0FFF : 00000000;
1000 : 000002FD;
1001 : 00BF4000;
1002 : 0BF40000;
1003 : 00000000;
1004 : 00000000;
1005 : 1FD00000;
1006 : 03D3E555;
1007 : F4000000;
1008 : 00000000;
1009 : 00000000;
100A : 00000000;
100B : 00000000;
100C : 00000000;
100D : F82F4B8B;
100E : 8FFFFFFF;
100F : FFD7F01F;
1010 : C0000FD0;
1011 : 00000000;
1012 : 00000000;
1013 : 00000000;
1014 : 00000000;
1015 : 00000000;
1016 : 00000000;
1017 : 00000000;
1018 : 00000000;
1019 : 001F801F;
101A : C07F0000;
101B : 0007F000;
101C : 03F4001F;
101D : BAF016FC;
101E : 00000000;
101F : 00000000;
1020 : 000001FE;
1021 : 00FF0000;
1022 : 0BF40000;
1023 : 00000000;
1024 : 00000000;
1025 : 3F400000;
1026 : 03D2E555;
1027 : F4000000;
1028 : 00000000;
1029 : 00000000;
102A : 00000000;
102B : 00000000;
102C : 00000000;
102D : B8BF0BEF;
102E : 8AAAABFA;
102F : AA97F42F;
1030 : 80001FD0;
1031 : 00000000;
1032 : 00000000;
1033 : 00000000;
1034 : 00000000;
1035 : 00000000;
1036 : 00000000;
1037 : 00000000;
1038 : 00000000;
1039 : 001F800F;
103A : D0BE0140;
103B : 000BE000;
103C : 07F0001E;
103D : B88007F4;
103E : 00000000;
103F : 00000000;
1040 : 000001FE;
1041 : 01FE0000;
1042 : 0BF40000;
1043 : 00000000;
1044 : 00000000;
1045 : 7FAAA000;
1046 : 03D3FFFF;
1047 : F4000000;
1048 : 00000000;
1049 : 00000000;
104A : 00000000;
104B : 00000000;
104C : 00000000;
104D : F8FD07FF;
104E : 400007E0;
104F : 0002F97F;
1050 : 41907F80;
1051 : 00000000;
1052 : 00000000;
1053 : 00000000;
1054 : 00000000;
1055 : 00000000;
1056 : 00000000;
1057 : 00000000;
1058 : 00000000;
1059 : 001F800B;
105A : F6FD0BD0;
105B : A96FD079;
105C : 6FE0000D;
105D : B8002FD0;
105E : 00000000;
105F : 00000000;
1060 : 000000FF;
1061 : 42FD0100;
1062 : 1FF00000;
1063 : 00000000;
1064 : 00000000;
1065 : 7FFFF000;
1066 : 0BE15555;
1067 : 50000000;
1068 : 00000000;
1069 : 00000000;
106A : 00000000;
106B : 00000000;
106C : 00000002;
106D : FD2401A9;
106E : 000007E0;
106F : 0001FFFE;
1070 : 01FFFF40;
1071 : 00000000;
1072 : 00000000;
1073 : 00000000;
1074 : 00000000;
1075 : 00000000;
1076 : 00000000;
1077 : 00000000;
1078 : 00000000;
1079 : 001F8003;
107A : FFF40FE0;
107B : BFFF407F;
107C : FF800004;
107D : B801BF40;
107E : 00000000;
107F : 00000000;
1080 : 0000007F;
1081 : EBF803EA;
1082 : BFD00000;
1083 : 00000000;
1084 : 00000000;
1085 : 6AAAA000;
1086 : 2FFE5555;
1087 : 55000000;
1088 : 00000000;
1089 : 00000000;
108A : 00000000;
108B : 00000000;
108C : 0000000B;
108D : FFA55555;
108E : 40055FE0;
108F : 00007FF8;
1090 : 01FFF800;
1091 : 00000000;
1092 : 00000000;
1093 : 00000000;
1094 : 00000000;
1095 : 00000000;
1096 : 00000000;
1097 : 00000000;
1098 : 00000000;
1099 : 001A4000;
109A : AF900790;
109B : 6BE9002B;
109C : F9000000;
109D : B81BFD00;
109E : 00000000;
109F : 00000000;
10A0 : 0000002F;
10A1 : FFF403FF;
10A2 : FF800000;
10A3 : 00000000;
10A4 : 00000000;
10A5 : 00000000;
10A6 : 1E7FFFFF;
10A7 : FD000000;
10A8 : 00000000;
10A9 : 00000000;
10AA : 00000000;
10AB : 00000000;
10AC : 0000000B;
10AD : DFFFFFFF;
10AE : C00BFFD0;
10AF : 00000540;
10B0 : 00154000;
10B1 : 00000000;
10B2 : 00000000;
10B3 : 00000000;
10B4 : 00000000;
10B5 : 00000000;
10B6 : 00000000;
10B7 : 00000000;
10B8 : 00000000;
10B9 : 00000000;
10BA : 00000000;
10BB : 00000000;
10BC : 00000000;
10BD : B87FE000;
10BE : 00000000;
10BF : 00000000;
10C0 : 0000000B;
10C1 : FF8002FF;
10C2 : F9000000;
10C3 : 00000000;
10C4 : 00000000;
10C5 : 00000000;
10C6 : 0806FFFF;
10C7 : FC000000;
10C8 : 00000000;
10C9 : 00000000;
10CA : 00000000;
10CB : 00000000;
10CC : 00000007;
10CD : 41BFFFFF;
10CE : 8007FF80;
10CF : 00000000;
10D0 : 00000000;
10D1 : 00000000;
10D2 : 00000000;
10D3 : 00000000;
10D4 : 00000000;
10D5 : 00000000;
10D6 : 00000000;
10D7 : 00000000;
10D8 : 00000000;
10D9 : 00000000;
10DA : 00000000;
10DB : 00000000;
10DC : 00000000;
10DD : BC2E4000;
10DE : 00000000;
10DF : 00000000;
10E0 : 00000000;
10E1 : 54000015;
10E2 : 40000000;
10E3 : 00000000;
10E4 : 00000000;
10E5 : 00000000;
10E6 : 00000000;
10E7 : 50000000;
10E8 : 00000000;
10E9 : 00000000;
10EA : 00000000;
10EB : 00000000;
10EC : 00000001;
10ED : 00015555;
10EE : 00015500;
10EF : 00000000;
10F0 : 00000000;
10F1 : 00000000;
10F2 : 00000000;
10F3 : 00000000;
10F4 : 00000000;
10F5 : 00000000;
10F6 : 00000000;
10F7 : 00000000;
10F8 : 00000000;
10F9 : 00000000;
10FA : 00000000;
10FB : 00000000;
10FC : 00000000;
10FD : 54000000;
10FE : 00000000;
10FF : 00000000;
1100 : 00000000;
1101 : 00000000;
1102 : 00000000;
1103 : 00000000;
1104 : 00000000;
1105 : 00000000;
1106 : 00000000;
1107 : 00000000;
1108 : 00000000;
1109 : 00000000;
110A : 00000000;
110B : 00000000;
110C : 00000000;
110D : 00000000;
110E : 00000000;
110F : 00000000;
1110 : 00000000;
1111 : 00000000;
1112 : 00000000;
1113 : 00000000;
1114 : 00000000;
1115 : 00000000;
1116 : 00000000;
1117 : 00000000;
1118 : 00000000;
1119 : 00000000;
111A : 00000000;
111B : 00000000;
111C : 00000000;
111D : 00000000;
111E : 00000000;
111F : 00000000;
1120 : 00000000;
1121 : 00000000;
1122 : 00000000;
1123 : 00000000;
1124 : 00000000;
1125 : 00000000;
1126 : 00000000;
1127 : 00000000;
1128 : 00000000;
1129 : 00000000;
112A : 00000000;
112B : 00000000;
112C : 00000000;
112D : 00000000;
112E : 00000000;
112F : 00000000;
1130 : 00000000;
1131 : 00000000;
1132 : 00000000;
1133 : 00000000;
1134 : 00000000;
1135 : 00000000;
1136 : 00000000;
1137 : 00000000;
1138 : 00000000;
1139 : 00000000;
113A : 00000000;
113B : 00000000;
113C : 00000000;
113D : 00000000;
113E : 00000000;
113F : 00000000;
1140 : 00000000;
1141 : 00000000;
1142 : 00000000;
1143 : 00000000;
1144 : 00000000;
1145 : 00000000;
1146 : 00000000;
1147 : 00000000;
1148 : 00000000;
1149 : 00000000;
114A : 00000000;
114B : 00000000;
114C : 00000000;
114D : 00000000;
114E : 00000000;
114F : 00000000;
1150 : 00000000;
1151 : 00000000;
1152 : 00000000;
1153 : 00000000;
1154 : 00000000;
1155 : 00000000;
1156 : 00000000;
1157 : 00000000;
1158 : 00000000;
1159 : 00000000;
115A : 00000000;
115B : 00000000;
115C : 00000000;
115D : 00000000;
115E : 00000000;
115F : 00000000;
1160 : 00000000;
1161 : 00000000;
1162 : 00000000;
1163 : 00000000;
1164 : 00000000;
1165 : 00000000;
1166 : 00000000;
1167 : 00000000;
1168 : 00000000;
1169 : 00000000;
116A : 00000000;
116B : 00000000;
116C : 00000000;
116D : 00000000;
116E : 00000000;
116F : 00000000;
1170 : 00000000;
1171 : 00000000;
1172 : 00000000;
1173 : 00000000;
1174 : 00000000;
1175 : 00000000;
1176 : 00000000;
1177 : 00000000;
1178 : 00000000;
1179 : 00000000;
117A : 00000000;
117B : 00000000;
117C : 00000000;
117D : 00000000;
117E : 00000000;
117F : 00000000;
1180 : 00000000;
1181 : 00000000;
1182 : 00000000;
1183 : 00000000;
1184 : 00000000;
1185 : 00000000;
1186 : 00000000;
1187 : 00000000;
1188 : 00000000;
1189 : 00000000;
118A : 00000000;
118B : 00000000;
118C : 00000000;
118D : 00000000;
118E : 00000000;
118F : 00000000;
1190 : 00000000;
1191 : 00000000;
1192 : 00000000;
1193 : 00000000;
1194 : 00000000;
1195 : 00000000;
1196 : 00000000;
1197 : 00000000;
1198 : 00000000;
1199 : 00000000;
119A : 00000000;
119B : 00000000;
119C : 00000000;
119D : 00000000;
119E : 00000000;
119F : 00000000;
11A0 : 00000000;
11A1 : 00000000;
11A2 : 00000000;
11A3 : 00000000;
11A4 : 00000000;
11A5 : 00000000;
11A6 : 00000000;
11A7 : 00000000;
11A8 : 00000000;
11A9 : 00000000;
11AA : 00000000;
11AB : 00000000;
11AC : 00000000;
11AD : 00000000;
11AE : 00000000;
11AF : 00000000;
11B0 : 00000000;
11B1 : 00000000;
11B2 : 00000000;
11B3 : 00000000;
11B4 : 00000000;
11B5 : 00000000;
11B6 : 00000000;
11B7 : 00000000;
11B8 : 00000000;
11B9 : 00000000;
11BA : 00000000;
11BB : 00000000;
11BC : 00000000;
11BD : 00000000;
11BE : 00000000;
11BF : 00000000;
11C0 : 00000000;
11C1 : 00000000;
11C2 : 00000000;
11C3 : 00000000;
11C4 : 00000000;
11C5 : 00000000;
11C6 : 00000000;
11C7 : 00000000;
11C8 : 00000000;
11C9 : 00000000;
11CA : 00000000;
11CB : 00000000;
11CC : 00000000;
11CD : 00000000;
11CE : 00000000;
11CF : 00000000;
11D0 : 00000000;
11D1 : 00000000;
11D2 : 00000000;
11D3 : 00000000;
11D4 : 00000000;
11D5 : 00000000;
11D6 : 00000000;
11D7 : 00000000;
11D8 : 00000000;
11D9 : 00000000;
11DA : 00000000;
11DB : 00000000;
11DC : 00000000;
11DD : 00000000;
11DE : 00000000;
11DF : 00000000;
11E0 : 00000000;
11E1 : 00000000;
11E2 : 00000000;
11E3 : 00000000;
11E4 : 00000000;
11E5 : 00000000;
11E6 : 00000000;
11E7 : 00000000;
11E8 : 00000000;
11E9 : 00000000;
11EA : 00000000;
11EB : 00000000;
11EC : 00000000;
11ED : 00000000;
11EE : 00000000;
11EF : 00000000;
11F0 : 00000000;
11F1 : 00000000;
11F2 : 00000000;
11F3 : 00000000;
11F4 : 00000000;
11F5 : 00000000;
11F6 : 00000000;
11F7 : 00000000;
11F8 : 00000000;
11F9 : 00000000;
11FA : 00000000;
11FB : 00000000;
11FC : 00000000;
11FD : 00000000;
11FE : 00000000;
11FF : 00000000;
1200 : 00000000;
1201 : 55000000;
1202 : 55000000;
1203 : 00000000;
1204 : 00000000;
1205 : 00000000;
1206 : 00001001;
1207 : 00000000;
1208 : 00000000;
1209 : 00000000;
120A : 00000000;
120B : 00000000;
120C : 00000000;
120D : 00002A00;
120E : 00000000;
120F : 14000000;
1210 : 00000000;
1211 : 00000000;
1212 : 00000000;
1213 : 00000000;
1214 : 00000000;
1215 : 00000000;
1216 : 00000000;
1217 : 00000000;
1218 : 00000000;
1219 : 00000000;
121A : 00000000;
121B : 00000000;
121C : 00000000;
121D : 01401A00;
121E : 00000000;
121F : 00000000;
1220 : 00000006;
1221 : FFD00006;
1222 : FFD00000;
1223 : 00000000;
1224 : 00000000;
1225 : 00000000;
1226 : 0B40BC0B;
1227 : 80000000;
1228 : 00000000;
1229 : 00000000;
122A : 00000000;
122B : 00000000;
122C : 00000001;
122D : D0192E00;
122E : 02AAABFF;
122F : FE000550;
1230 : 00005500;
1231 : 00000000;
1232 : 00000000;
1233 : 00000000;
1234 : 00000000;
1235 : 00000000;
1236 : 00000000;
1237 : 00000000;
1238 : 00000000;
1239 : 00064000;
123A : 1A400000;
123B : 006A4006;
123C : A400001A;
123D : BFD02F00;
123E : 00000000;
123F : 00000000;
1240 : 0000001F;
1241 : FFF4002F;
1242 : FFD00000;
1243 : 00000000;
1244 : 00000000;
1245 : 6AAAA400;
1246 : 1FC57E5F;
1247 : 94000000;
1248 : 00000000;
1249 : 00000000;
124A : 00000000;
124B : 00000000;
124C : 00000003;
124D : F42E2E00;
124E : 02FFFFFF;
124F : FF002FF8;
1250 : 000BFF40;
1251 : 00000000;
1252 : 00000000;
1253 : 00000000;
1254 : 00000000;
1255 : 00000000;
1256 : 00000000;
1257 : 00000000;
1258 : 00000000;
1259 : 006F8001;
125A : FFF40000;
125B : 07FFC03F;
125C : FF40001F;
125D : FFD02F00;
125E : 00000000;
125F : 00000000;
1260 : 0000007F;
1261 : EBFC00BF;
1262 : EAD00000;
1263 : 00000000;
1264 : 00000000;
1265 : 7FFFF800;
1266 : 07EBFFFF;
1267 : FD000000;
1268 : 00000000;
1269 : 00000000;
126A : 00000000;
126B : 00000000;
126C : 00000001;
126D : F87EBFAA;
126E : 41FAABE9;
126F : 5500FFFF;
1270 : 002FFF40;
1271 : 00000000;
1272 : 00000000;
1273 : 00000000;
1274 : 00000000;
1275 : 00000000;
1276 : 00000000;
1277 : 00000000;
1278 : 00000000;
1279 : 06FF8007;
127A : FBFD0000;
127B : 1FFAC03E;
127C : BFD0000A;
127D : FD466F68;
127E : 00000000;
127F : 00000000;
1280 : 000000BF;
1281 : 42FE01FF;
1282 : 40000000;
1283 : 00000000;
1284 : 00000000;
1285 : 6AABF400;
1286 : 02E6ABEA;
1287 : A8000000;
1288 : 00000000;
1289 : 00000000;
128A : 00000000;
128B : 00000000;
128C : 00000000;
128D : BDBFFFFF;
128E : 400007E0;
128F : 0002F97F;
1290 : 40BF4140;
1291 : 00000000;
1292 : 00000000;
1293 : 00000000;
1294 : 00000000;
1295 : 00000000;
1296 : 00000000;
1297 : 00000000;
1298 : 00000000;
1299 : 0BFF800B;
129A : E0BE0000;
129B : 3F804010;
129C : 1FE00000;
129D : B80BAF7D;
129E : 00000000;
129F : 00000000;
12A0 : 000000FF;
12A1 : 01FE02FD;
12A2 : 00000000;
12A3 : 00000000;
12A4 : 00000000;
12A5 : 0003F000;
12A6 : 014157E5;
12A7 : 50000000;
12A8 : 00000000;
12A9 : 00000000;
12AA : 00000000;
12AB : 00000000;
12AC : 00000000;
12AD : 24FABFAA;
12AE : 400007E0;
12AF : 0003F42F;
12B0 : C0FD0000;
12B1 : 00000000;
12B2 : 00000000;
12B3 : 00000000;
12B4 : 00000000;
12B5 : 00000000;
12B6 : 00000000;
12B7 : 00000000;
12B8 : 00000000;
12B9 : 0B9F801F;
12BA : C07F0000;
12BB : BE000000;
12BC : 0BE00005;
12BD : BD5F6F2E;
12BE : 00000000;
12BF : 00000000;
12C0 : 000001FE;
12C1 : 00FF03F8;
12C2 : 00000000;
12C3 : 00000000;
12C4 : 00000000;
12C5 : 000BD000;
12C6 : 0003FFFF;
12C7 : F4000000;
12C8 : 00000000;
12C9 : 00000000;
12CA : 00000000;
12CB : 00000000;
12CC : 00000000;
12CD : 00B02E00;
12CE : 02FFFFFF;
12CF : FE07F01F;
12D0 : C1F80000;
12D1 : 00000000;
12D2 : 00000000;
12D3 : 00000000;
12D4 : 00000000;
12D5 : 00000000;
12D6 : 00000000;
12D7 : 00000000;
12D8 : 00000000;
12D9 : 041F801F;
12DA : C07F4000;
12DB : FD000000;
12DC : 0BD0001F;
12DD : FFFF2F1F;
12DE : 40000000;
12DF : 00000000;
12E0 : 000001FD;
12E1 : 00BF47F4;
12E2 : 69000000;
12E3 : 00000000;
12E4 : 00000000;
12E5 : 000FC000;
12E6 : 1A92E555;
12E7 : F4000000;
12E8 : 00000000;
12E9 : 00000000;
12EA : 00000000;
12EB : 00000000;
12EC : 00000005;
12ED : 54557F55;
12EE : 42FFFFFF;
12EF : FF0BE00F;
12F0 : D2F5A400;
12F1 : 00000000;
12F2 : 00000000;
12F3 : 00000000;
12F4 : 00000000;
12F5 : 00000000;
12F6 : 00000000;
12F7 : 00000000;
12F8 : 00000000;
12F9 : 001F802F;
12FA : 803F4000;
12FB : FDBE4005;
12FC : 6F80001F;
12FD : FFFE2F0B;
12FE : C0000000;
12FF : 00000000;
1300 : 000002FD;
1301 : 00BF4BF6;
1302 : FF800000;
1303 : 00000000;
1304 : 00000000;
1305 : 002F4000;
1306 : 2FD3E555;
1307 : F4000000;
1308 : 00000000;
1309 : 00000000;
130A : 00000000;
130B : 00000000;
130C : 0000000B;
130D : F9FFFFFF;
130E : C1AAABEA;
130F : AA0BE00F;
1310 : D3FBFF40;
1311 : 00000000;
1312 : 00000000;
1313 : 00000000;
1314 : 00000000;
1315 : 00000000;
1316 : 00000000;
1317 : 00000000;
1318 : 00000000;
1319 : 001F802F;
131A : 803F4001;
131B : FFFFC00F;
131C : FD000001;
131D : FC7D2F07;
131E : 80000000;
131F : 00000000;
1320 : 000002FD;
1321 : 00BF4BFF;
1322 : FFE00000;
1323 : 00000000;
1324 : 00000000;
1325 : 003F0000;
1326 : 1BD3FFFF;
1327 : F4000000;
1328 : 00000000;
1329 : 00000000;
132A : 00000000;
132B : 00000000;
132C : 0000000B;
132D : F9FFFFFF;
132E : C00007E0;
132F : 000BE00F;
1330 : D3FFBF80;
1331 : 00000000;
1332 : 00000000;
1333 : 00000000;
1334 : 00000000;
1335 : 00000000;
1336 : 00000000;
1337 : 00000000;
1338 : 00000000;
1339 : 001F802F;
133A : 803F4001;
133B : FF5FE00F;
133C : FF400002;
133D : FC7D2F09;
133E : 00000000;
133F : 00000000;
1340 : 000002FD;
1341 : 00BF4BFE;
1342 : 5FF40000;
1343 : 00000000;
1344 : 00000000;
1345 : 00BE0000;
1346 : 03D3E555;
1347 : F4000000;
1348 : 00000000;
1349 : 00000000;
134A : 00000000;
134B : 00000000;
134C : 00000001;
134D : F80B8B84;
134E : 000007E0;
134F : 000BE00F;
1350 : D3F81FD0;
1351 : 00000000;
1352 : 00000000;
1353 : 00000000;
1354 : 00000000;
1355 : 00000000;
1356 : 00000000;
1357 : 00000000;
1358 : 00000000;
1359 : 001F802F;
135A : 803F4001;
135B : FD07F000;
135C : 6FD00003;
135D : FF442F2F;
135E : 40000000;
135F : 00000000;
1360 : 000002FD;
1361 : 00BF4BF8;
1362 : 07F80000;
1363 : 00000000;
1364 : 00000000;
1365 : 00FD0000;
1366 : 03D3FFFF;
1367 : F4000000;
1368 : 00000000;
1369 : 00000000;
136A : 00000000;
136B : 00000000;
136C : 00000000;
136D : B80F8B87;
136E : 4FFFFFFF;
136F : FFDBE00F;
1370 : D3F40BD0;
1371 : 00000000;
1372 : 00000000;
1373 : 00000000;
1374 : 00000000;
1375 : 00000000;
1376 : 00000000;
1377 : 00000000;
1378 : 00000000;
1379 : 001F802F;
137A : 807F4001;
137B : FC03F000;
137C : 0BF0000B;
137D : FFE02F7E;
137E : 00000000;
137F : 00000000;
1380 : 000002FD;
1381 : 00BF4BF4;
1382 : 03F80000;
1383 : 00000000;
1384 : 00000000;
1385 : 01F80000;
1386 : 03D3E555;
1387 : F4000000;
1388 : 00000000;
1389 : 00000000;
138A : 00000000;
138B : 00000000;
138C : 00000000;
138D : F82F4B8B;
138E : 8FFFFFFF;
138F : FFD7F01F;
1390 : C2F40BD0;
1391 : 00000000;
1392 : 00000000;
1393 : 00000000;
1394 : 00000000;
1395 : 00000000;
1396 : 00000000;
1397 : 00000000;
1398 : 00000000;
1399 : 001F801F;
139A : C07F0000;
139B : FC03F000;
139C : 07F0001F;
139D : BAF016FC;
139E : 00000000;
139F : 00000000;
13A0 : 000001FE;
13A1 : 00FF07F4;
13A2 : 03F80000;
13A3 : 00000000;
13A4 : 00000000;
13A5 : 02F80000;
13A6 : 03D2E555;
13A7 : F4000000;
13A8 : 00000000;
13A9 : 00000000;
13AA : 00000000;
13AB : 00000000;
13AC : 00000000;
13AD : B8BF0BEF;
13AE : 8AAAABFA;
13AF : AA97F42F;
13B0 : 82F80FD0;
13B1 : 00000000;
13B2 : 00000000;
13B3 : 00000000;
13B4 : 00000000;
13B5 : 00000000;
13B6 : 00000000;
13B7 : 00000000;
13B8 : 00000000;
13B9 : 001F800F;
13BA : D0BE0140;
13BB : BD07E040;
13BC : 0BF0001E;
13BD : B88007F4;
13BE : 00000000;
13BF : 00000000;
13C0 : 000001FE;
13C1 : 01FE07F8;
13C2 : 07F80000;
13C3 : 00000000;
13C4 : 00000000;
13C5 : 03F40000;
13C6 : 03D3FFFF;
13C7 : F4000000;
13C8 : 00000000;
13C9 : 00000000;
13CA : 00000000;
13CB : 00000000;
13CC : 00000000;
13CD : F8FD07FF;
13CE : 400007E0;
13CF : 0002F97F;
13D0 : 41FD2F80;
13D1 : 00000000;
13D2 : 00000000;
13D3 : 00000000;
13D4 : 00000000;
13D5 : 00000000;
13D6 : 00000000;
13D7 : 00000000;
13D8 : 00000000;
13D9 : 001F800B;
13DA : F6FD0BD0;
13DB : 7F9FD0A9;
13DC : 6FD0000D;
13DD : B8002FD0;
13DE : 00000000;
13DF : 00000000;
13E0 : 000000FF;
13E1 : 42FD03FC;
13E2 : 0BF40000;
13E3 : 00000000;
13E4 : 00000000;
13E5 : 07F00000;
13E6 : 0BE15555;
13E7 : 50000000;
13E8 : 00000000;
13E9 : 00000000;
13EA : 00000000;
13EB : 00000000;
13EC : 00000002;
13ED : FD2401A9;
13EE : 000007E0;
13EF : 0001FFFE;
13F0 : 00BFFF40;
13F1 : 00000000;
13F2 : 00000000;
13F3 : 00000000;
13F4 : 00000000;
13F5 : 00000000;
13F6 : 00000000;
13F7 : 00000000;
13F8 : 00000000;
13F9 : 001F8003;
13FA : FFF40FE0;
13FB : 2FFF80BF;
13FC : FF800004;
13FD : B801BF40;
13FE : 00000000;
13FF : 00000000;
1400 : 0000007F;
1401 : EBF801FF;
1402 : AFE00000;
1403 : 00000000;
1404 : 00000000;
1405 : 06A00000;
1406 : 2FFE5555;
1407 : 55000000;
1408 : 00000000;
1409 : 00000000;
140A : 00000000;
140B : 00000000;
140C : 0000000B;
140D : FFA55555;
140E : 40055FE0;
140F : 00007FF8;
1410 : 002FF900;
1411 : 00000000;
1412 : 00000000;
1413 : 00000000;
1414 : 00000000;
1415 : 00000000;
1416 : 00000000;
1417 : 00000000;
1418 : 00000000;
1419 : 001A4000;
141A : AF900790;
141B : 06F9006B;
141C : F9000000;
141D : B81BFD00;
141E : 00000000;
141F : 00000000;
1420 : 0000002F;
1421 : FFF400BF;
1422 : FFC00000;
1423 : 00000000;
1424 : 00000000;
1425 : 00000000;
1426 : 1E7FFFFF;
1427 : FD000000;
1428 : 00000000;
1429 : 00000000;
142A : 00000000;
142B : 00000000;
142C : 0000000B;
142D : DFFFFFFF;
142E : C00BFFD0;
142F : 00000540;
1430 : 00015000;
1431 : 00000000;
1432 : 00000000;
1433 : 00000000;
1434 : 00000000;
1435 : 00000000;
1436 : 00000000;
1437 : 00000000;
1438 : 00000000;
1439 : 00000000;
143A : 00000000;
143B : 00000000;
143C : 00000000;
143D : B87FE000;
143E : 00000000;
143F : 00000000;
1440 : 0000000B;
1441 : FF80002F;
1442 : FE000000;
1443 : 00000000;
1444 : 00000000;
1445 : 00000000;
1446 : 0806FFFF;
1447 : FC000000;
1448 : 00000000;
1449 : 00000000;
144A : 00000000;
144B : 00000000;
144C : 00000007;
144D : 41BFFFFF;
144E : 8007FF80;
144F : 00000000;
1450 : 00000000;
1451 : 00000000;
1452 : 00000000;
1453 : 00000000;
1454 : 00000000;
1455 : 00000000;
1456 : 00000000;
1457 : 00000000;
1458 : 00000000;
1459 : 00000000;
145A : 00000000;
145B : 00000000;
145C : 00000000;
145D : BC2E4000;
145E : 00000000;
145F : 00000000;
1460 : 00000000;
1461 : 54000001;
1462 : 50000000;
1463 : 00000000;
1464 : 00000000;
1465 : 00000000;
1466 : 00000000;
1467 : 50000000;
1468 : 00000000;
1469 : 00000000;
146A : 00000000;
146B : 00000000;
146C : 00000001;
146D : 00015555;
146E : 00015500;
146F : 00000000;
1470 : 00000000;
1471 : 00000000;
1472 : 00000000;
1473 : 00000000;
1474 : 00000000;
1475 : 00000000;
1476 : 00000000;
1477 : 00000000;
1478 : 00000000;
1479 : 00000000;
147A : 00000000;
147B : 00000000;
147C : 00000000;
147D : 54000000;
147E : 00000000;
147F : 00000000;
1480 : 00000000;
1481 : 00000000;
1482 : 00000000;
1483 : 00000000;
1484 : 00000000;
1485 : 00000000;
1486 : 00000000;
1487 : 00000000;
1488 : 00000000;
1489 : 00000000;
148A : 00000000;
148B : 00000000;
148C : 00000000;
148D : 00000000;
148E : 00000000;
148F : 00000000;
1490 : 00000000;
1491 : 00000000;
1492 : 00000000;
1493 : 00000000;
1494 : 00000000;
1495 : 00000000;
1496 : 00000000;
1497 : 00000000;
1498 : 00000000;
1499 : 00000000;
149A : 00000000;
149B : 00000000;
149C : 00000000;
149D : 00000000;
149E : 00000000;
149F : 00000000;
14A0 : 00000000;
14A1 : 00000000;
14A2 : 00000000;
14A3 : 00000000;
14A4 : 00000000;
14A5 : 00000000;
14A6 : 00000000;
14A7 : 00000000;
14A8 : 00000000;
14A9 : 00000000;
14AA : 00000000;
14AB : 00000000;
14AC : 00000000;
14AD : 00000000;
14AE : 00000000;
14AF : 00000000;
14B0 : 00000000;
14B1 : 00000000;
14B2 : 00000000;
14B3 : 00000000;
14B4 : 00000000;
14B5 : 00000000;
14B6 : 00000000;
14B7 : 00000000;
14B8 : 00000000;
14B9 : 00000000;
14BA : 00000000;
14BB : 00000000;
14BC : 00000000;
14BD : 00000000;
14BE : 00000000;
14BF : 00000000;
14C0 : 00000000;
14C1 : 00000000;
14C2 : 00000000;
14C3 : 00000000;
14C4 : 00000000;
14C5 : 00000000;
14C6 : 00000000;
14C7 : 00000000;
14C8 : 00000000;
14C9 : 00000000;
14CA : 00000000;
14CB : 00000000;
14CC : 00000000;
14CD : 00000000;
14CE : 00000000;
14CF : 00000000;
14D0 : 00000000;
14D1 : 00000000;
14D2 : 00000000;
14D3 : 00000000;
14D4 : 00000000;
14D5 : 00000000;
14D6 : 00000000;
14D7 : 00000000;
14D8 : 00000000;
14D9 : 00000000;
14DA : 00000000;
14DB : 00000000;
14DC : 00000000;
14DD : 00000000;
14DE : 00000000;
14DF : 00000000;
14E0 : 00000000;
14E1 : 00000000;
14E2 : 00000000;
14E3 : 00000000;
14E4 : 00000000;
14E5 : 00000000;
14E6 : 00000000;
14E7 : 00000000;
14E8 : 00000000;
14E9 : 00000000;
14EA : 00000000;
14EB : 00000000;
14EC : 00000000;
14ED : 00000000;
14EE : 00000000;
14EF : 00000000;
14F0 : 00000000;
14F1 : 00000000;
14F2 : 00000000;
14F3 : 00000000;
14F4 : 00000000;
14F5 : 00000000;
14F6 : 00000000;
14F7 : 00000000;
14F8 : 00000000;
14F9 : 00000000;
14FA : 00000000;
14FB : 00000000;
14FC : 00000000;
14FD : 00000000;
14FE : 00000000;
14FF : 00000000;
1500 : 00000000;
1501 : 00000000;
1502 : 00000000;
1503 : 00000000;
1504 : 00000000;
1505 : 00000000;
1506 : 00000000;
1507 : 00000000;
1508 : 00000000;
1509 : 00000000;
150A : 00000000;
150B : 00000000;
150C : 00000000;
150D : 00000000;
150E : 00000000;
150F : 00000000;
1510 : 00000000;
1511 : 00000000;
1512 : 00000000;
1513 : 00000000;
1514 : 00000000;
1515 : 00000000;
1516 : 00000000;
1517 : 00000000;
1518 : 00000000;
1519 : 00000000;
151A : 00000000;
151B : 00000000;
151C : 00000000;
151D : 00000000;
151E : 00000000;
151F : 00000000;
1520 : 00000000;
1521 : 00000000;
1522 : 00000000;
1523 : 00000000;
1524 : 00000000;
1525 : 00000000;
1526 : 00000000;
1527 : 00000000;
1528 : 00000000;
1529 : 00000000;
152A : 00000000;
152B : 00000000;
152C : 00000000;
152D : 00000000;
152E : 00000000;
152F : 00000000;
1530 : 00000000;
1531 : 00000000;
1532 : 00000000;
1533 : 00000000;
1534 : 00000000;
1535 : 00000000;
1536 : 00000000;
1537 : 00000000;
1538 : 00000000;
1539 : 00000000;
153A : 00000000;
153B : 00000000;
153C : 00000000;
153D : 00000000;
153E : 00000000;
153F : 00000000;
1540 : 00000000;
1541 : 00000000;
1542 : 00000000;
1543 : 00000000;
1544 : 00000000;
1545 : 00000000;
1546 : 00000000;
1547 : 00000000;
1548 : 00000000;
1549 : 00000000;
154A : 00000000;
154B : 00000000;
154C : 00000000;
154D : 00000000;
154E : 00000000;
154F : 00000000;
1550 : 00000000;
1551 : 00000000;
1552 : 00000000;
1553 : 00000000;
1554 : 00000000;
1555 : 00000000;
1556 : 00000000;
1557 : 00000000;
1558 : 00000000;
1559 : 00000000;
155A : 00000000;
155B : 00000000;
155C : 00000000;
155D : 00000000;
155E : 00000000;
155F : 00000000;
1560 : 00000000;
1561 : 00000000;
1562 : 00000000;
1563 : 00000000;
1564 : 00000000;
1565 : 00000000;
1566 : 00000000;
1567 : 00000000;
1568 : 00000000;
1569 : 00000000;
156A : 00000000;
156B : 00000000;
156C : 00000000;
156D : 00000000;
156E : 00000000;
156F : 00000000;
1570 : 00000000;
1571 : 00000000;
1572 : 00000000;
1573 : 00000000;
1574 : 00000000;
1575 : 00000000;
1576 : 00000000;
1577 : 00000000;
1578 : 00000000;
1579 : 00000000;
157A : 00000000;
157B : 00000000;
157C : 00000000;
157D : 00000000;
157E : 00000000;
157F : 00000000;
1580 : 00000000;
1581 : 55000000;
1582 : 00000000;
1583 : 00000000;
1584 : 00000000;
1585 : 00000000;
1586 : 00001001;
1587 : 00000000;
1588 : 00000000;
1589 : 00000000;
158A : 00000000;
158B : 00000000;
158C : 00000000;
158D : 00002A00;
158E : 00000000;
158F : 14000000;
1590 : 00000000;
1591 : 00000000;
1592 : 00000000;
1593 : 00000000;
1594 : 00000000;
1595 : 00000000;
1596 : 00000000;
1597 : 00000000;
1598 : 00000000;
1599 : 00000000;
159A : 00000000;
159B : 00000000;
159C : 00000000;
159D : 01401A00;
159E : 00000000;
159F : 00000000;
15A0 : 00000006;
15A1 : FFD00FFF;
15A2 : FFF80000;
15A3 : 00000000;
15A4 : 00000000;
15A5 : 00000000;
15A6 : 0B40BC0B;
15A7 : 80000000;
15A8 : 00000000;
15A9 : 00000000;
15AA : 00000000;
15AB : 00000000;
15AC : 00000001;
15AD : D0192E00;
15AE : 02AAABFF;
15AF : FE000550;
15B0 : 00000000;
15B1 : 00000000;
15B2 : 00000000;
15B3 : 00000000;
15B4 : 00000000;
15B5 : 00000000;
15B6 : 00000000;
15B7 : 00000000;
15B8 : 00000000;
15B9 : 00064000;
15BA : 1A400000;
15BB : 55555000;
15BC : 6A40001A;
15BD : BFD02F00;
15BE : 00000000;
15BF : 00000000;
15C0 : 0000001F;
15C1 : FFF40FFF;
15C2 : FFF80000;
15C3 : 00000000;
15C4 : 00000000;
15C5 : 006E0000;
15C6 : 1FC57E5F;
15C7 : 94000000;
15C8 : 00000000;
15C9 : 00000000;
15CA : 00000000;
15CB : 00000000;
15CC : 00000003;
15CD : F42E2E00;
15CE : 02FFFFFF;
15CF : FF002FF8;
15D0 : 03FFFFD0;
15D1 : 00000000;
15D2 : 00000000;
15D3 : 00000000;
15D4 : 00000000;
15D5 : 00000000;
15D6 : 00000000;
15D7 : 00000000;
15D8 : 00000000;
15D9 : 006F8001;
15DA : FFF40001;
15DB : FFFFF006;
15DC : FFD0001F;
15DD : FFD02F00;
15DE : 00000000;
15DF : 00000000;
15E0 : 0000007F;
15E1 : EBFC0FFF;
15E2 : FFF80000;
15E3 : 00000000;
15E4 : 00000000;
15E5 : 06FE0000;
15E6 : 07EBFFFF;
15E7 : FD000000;
15E8 : 00000000;
15E9 : 00000000;
15EA : 00000000;
15EB : 00000000;
15EC : 00000001;
15ED : F87EBFAA;
15EE : 41FAABE9;
15EF : 5500FFFF;
15F0 : 03FFFFD0;
15F1 : 00000000;
15F2 : 00000000;
15F3 : 00000000;
15F4 : 00000000;
15F5 : 00000000;
15F6 : 00000000;
15F7 : 00000000;
15F8 : 00000000;
15F9 : 06FF8007;
15FA : FBFD0001;
15FB : FFFFF00F;
15FC : FAD0000A;
15FD : FD466F68;
15FE : 00000000;
15FF : 00000000;
1600 : 000000BF;
1601 : 42FE0000;
1602 : 4BF00000;
1603 : 00000000;
1604 : 00000000;
1605 : 2FFE0000;
1606 : 02E6ABEA;
1607 : A8000000;
1608 : 00000000;
1609 : 00000000;
160A : 00000000;
160B : 00000000;
160C : 00000000;
160D : BDBFFFFF;
160E : 400007E0;
160F : 0002F97F;
1610 : 42AAAFC0;
1611 : 00000000;
1612 : 00000000;
1613 : 00000000;
1614 : 00000000;
1615 : 00000000;
1616 : 00000000;
1617 : 00000000;
1618 : 00000000;
1619 : 0BFF800B;
161A : E0BE0000;
161B : 555BE02F;
161C : 80000000;
161D : B80BAF7D;
161E : 00000000;
161F : 00000000;
1620 : 000000FF;
1621 : 01FE0000;
1622 : 0FD00000;
1623 : 00000000;
1624 : 00000000;
1625 : 2FBE0000;
1626 : 014157E5;
1627 : 50000000;
1628 : 00000000;
1629 : 00000000;
162A : 00000000;
162B : 00000000;
162C : 00000000;
162D : 24FABFAA;
162E : 400007E0;
162F : 0003F42F;
1630 : C0001F40;
1631 : 00000000;
1632 : 00000000;
1633 : 00000000;
1634 : 00000000;
1635 : 00000000;
1636 : 00000000;
1637 : 00000000;
1638 : 00000000;
1639 : 0B9F801F;
163A : C07F0000;
163B : 000FC07F;
163C : 00000005;
163D : BD5F6F2E;
163E : 00000000;
163F : 00000000;
1640 : 000001FE;
1641 : 00FF0000;
1642 : 2FC00000;
1643 : 00000000;
1644 : 00000000;
1645 : 147E0000;
1646 : 0003FFFF;
1647 : F4000000;
1648 : 00000000;
1649 : 00000000;
164A : 00000000;
164B : 00000000;
164C : 00000000;
164D : 00B02E00;
164E : 02FFFFFF;
164F : FE07F01F;
1650 : C0007F00;
1651 : 00000000;
1652 : 00000000;
1653 : 00000000;
1654 : 00000000;
1655 : 00000000;
1656 : 00000000;
1657 : 00000000;
1658 : 00000000;
1659 : 041F801F;
165A : C07F4000;
165B : 002F40BE;
165C : 0000001F;
165D : FFFF2F1F;
165E : 40000000;
165F : 00000000;
1660 : 000001FD;
1661 : 00BF4000;
1662 : 7F400000;
1663 : 00000000;
1664 : 00000000;
1665 : 007E0000;
1666 : 1A92E555;
1667 : F4000000;
1668 : 00000000;
1669 : 00000000;
166A : 00000000;
166B : 00000000;
166C : 00000005;
166D : 54557F55;
166E : 42FFFFFF;
166F : FF0BE00F;
1670 : D000BD00;
1671 : 00000000;
1672 : 00000000;
1673 : 00000000;
1674 : 00000000;
1675 : 00000000;
1676 : 00000000;
1677 : 00000000;
1678 : 00000000;
1679 : 001F802F;
167A : 803F4000;
167B : 007F00BD;
167C : 7E40001F;
167D : FFFE2F0B;
167E : C0000000;
167F : 00000000;
1680 : 000002FD;
1681 : 00BF4000;
1682 : BF000000;
1683 : 00000000;
1684 : 00000000;
1685 : 007E0000;
1686 : 2FD3E555;
1687 : F4000000;
1688 : 00000000;
1689 : 00000000;
168A : 00000000;
168B : 00000000;
168C : 0000000B;
168D : F9FFFFFF;
168E : C1AAABEA;
168F : AA0BE00F;
1690 : D001FC00;
1691 : 00000000;
1692 : 00000000;
1693 : 00000000;
1694 : 00000000;
1695 : 00000000;
1696 : 00000000;
1697 : 00000000;
1698 : 00000000;
1699 : 001F802F;
169A : 803F4000;
169B : 00BD00FE;
169C : FFD00001;
169D : FC7D2F07;
169E : 80000000;
169F : 00000000;
16A0 : 000002FD;
16A1 : 00BF4001;
16A2 : FD000000;
16A3 : 00000000;
16A4 : 00000000;
16A5 : 007E0000;
16A6 : 1BD3FFFF;
16A7 : F4000000;
16A8 : 00000000;
16A9 : 00000000;
16AA : 00000000;
16AB : 00000000;
16AC : 0000000B;
16AD : F9FFFFFF;
16AE : C00007E0;
16AF : 000BE00F;
16B0 : D002F400;
16B1 : 00000000;
16B2 : 00000000;
16B3 : 00000000;
16B4 : 00000000;
16B5 : 00000000;
16B6 : 00000000;
16B7 : 00000000;
16B8 : 00000000;
16B9 : 001F802F;
16BA : 803F4000;
16BB : 01FC00FF;
16BC : 9BF00002;
16BD : FC7D2F09;
16BE : 00000000;
16BF : 00000000;
16C0 : 000002FD;
16C1 : 00BF4002;
16C2 : FC000000;
16C3 : 00000000;
16C4 : 00000000;
16C5 : 007E0000;
16C6 : 03D3E555;
16C7 : F4000000;
16C8 : 00000000;
16C9 : 00000000;
16CA : 00000000;
16CB : 00000000;
16CC : 00000001;
16CD : F80B8B84;
16CE : 000007E0;
16CF : 000BE00F;
16D0 : D003F000;
16D1 : 00000000;
16D2 : 00000000;
16D3 : 00000000;
16D4 : 00000000;
16D5 : 00000000;
16D6 : 00000000;
16D7 : 00000000;
16D8 : 00000000;
16D9 : 001F802F;
16DA : 803F4000;
16DB : 02F800FE;
16DC : 03F40003;
16DD : FF442F2F;
16DE : 40000000;
16DF : 00000000;
16E0 : 000002FD;
16E1 : 00BF4007;
16E2 : F8000000;
16E3 : 00000000;
16E4 : 00000000;
16E5 : 007E0000;
16E6 : 03D3FFFF;
16E7 : F4000000;
16E8 : 00000000;
16E9 : 00000000;
16EA : 00000000;
16EB : 00000000;
16EC : 00000000;
16ED : B80F8B87;
16EE : 4FFFFFFF;
16EF : FFDBE00F;
16F0 : D00BE000;
16F1 : 00000000;
16F2 : 00000000;
16F3 : 00000000;
16F4 : 00000000;
16F5 : 00000000;
16F6 : 00000000;
16F7 : 00000000;
16F8 : 00000000;
16F9 : 001F802F;
16FA : 807F4000;
16FB : 03F400FD;
16FC : 02F4000B;
16FD : FFE02F7E;
16FE : 00000000;
16FF : 00000000;
1700 : 000002FD;
1701 : 00BF400B;
1702 : F4000000;
1703 : 00000000;
1704 : 00000000;
1705 : 007E0000;
1706 : 03D3E555;
1707 : F4000000;
1708 : 00000000;
1709 : 00000000;
170A : 00000000;
170B : 00000000;
170C : 00000000;
170D : F82F4B8B;
170E : 8FFFFFFF;
170F : FFD7F01F;
1710 : C00FD000;
1711 : 00000000;
1712 : 00000000;
1713 : 00000000;
1714 : 00000000;
1715 : 00000000;
1716 : 00000000;
1717 : 00000000;
1718 : 00000000;
1719 : 001F801F;
171A : C07F0000;
171B : 07F000BD;
171C : 02F4001F;
171D : BAF016FC;
171E : 00000000;
171F : 00000000;
1720 : 000001FE;
1721 : 00FF000F;
1722 : F0000000;
1723 : 00000000;
1724 : 00000000;
1725 : 007E0000;
1726 : 03D2E555;
1727 : F4000000;
1728 : 00000000;
1729 : 00000000;
172A : 00000000;
172B : 00000000;
172C : 00000000;
172D : B8BF0BEF;
172E : 8AAAABFA;
172F : AA97F42F;
1730 : 801FC000;
1731 : 00000000;
1732 : 00000000;
1733 : 00000000;
1734 : 00000000;
1735 : 00000000;
1736 : 00000000;
1737 : 00000000;
1738 : 00000000;
1739 : 001F800F;
173A : D0BE0140;
173B : 0BE0007E;
173C : 03F0001E;
173D : B88007F4;
173E : 00000000;
173F : 00000000;
1740 : 000001FE;
1741 : 01FE001F;
1742 : E0000000;
1743 : 00000000;
1744 : 00000000;
1745 : 007E0000;
1746 : 03D3FFFF;
1747 : F4000000;
1748 : 00000000;
1749 : 00000000;
174A : 00000000;
174B : 00000000;
174C : 00000000;
174D : F8FD07FF;
174E : 400007E0;
174F : 0002F97F;
1750 : 402F8000;
1751 : 00000000;
1752 : 00000000;
1753 : 00000000;
1754 : 00000000;
1755 : 00000000;
1756 : 00000000;
1757 : 00000000;
1758 : 00000000;
1759 : 001F800B;
175A : F6FD0BD0;
175B : 0FD0003F;
175C : 9BE0000D;
175D : B8002FD0;
175E : 00000000;
175F : 00000000;
1760 : 000000FF;
1761 : 42FD002F;
1762 : D0000000;
1763 : 00000000;
1764 : 00000000;
1765 : 007E0000;
1766 : 0BE15555;
1767 : 50000000;
1768 : 00000000;
1769 : 00000000;
176A : 00000000;
176B : 00000000;
176C : 00000002;
176D : FD2401A9;
176E : 000007E0;
176F : 0001FFFE;
1770 : 002F8000;
1771 : 00000000;
1772 : 00000000;
1773 : 00000000;
1774 : 00000000;
1775 : 00000000;
1776 : 00000000;
1777 : 00000000;
1778 : 00000000;
1779 : 001F8003;
177A : FFF40FE0;
177B : 1FC0001F;
177C : FF800004;
177D : B801BF40;
177E : 00000000;
177F : 00000000;
1780 : 0000007F;
1781 : EBF8003F;
1782 : C0000000;
1783 : 00000000;
1784 : 00000000;
1785 : 00690000;
1786 : 2FFE5555;
1787 : 55000000;
1788 : 00000000;
1789 : 00000000;
178A : 00000000;
178B : 00000000;
178C : 0000000B;
178D : FFA55555;
178E : 40055FE0;
178F : 00007FF8;
1790 : 003F4000;
1791 : 00000000;
1792 : 00000000;
1793 : 00000000;
1794 : 00000000;
1795 : 00000000;
1796 : 00000000;
1797 : 00000000;
1798 : 00000000;
1799 : 001A4000;
179A : AF900790;
179B : 1A800006;
179C : FA000000;
179D : B81BFD00;
179E : 00000000;
179F : 00000000;
17A0 : 0000002F;
17A1 : FFF4003F;
17A2 : C0000000;
17A3 : 00000000;
17A4 : 00000000;
17A5 : 00000000;
17A6 : 1E7FFFFF;
17A7 : FD000000;
17A8 : 00000000;
17A9 : 00000000;
17AA : 00000000;
17AB : 00000000;
17AC : 0000000B;
17AD : DFFFFFFF;
17AE : C00BFFD0;
17AF : 00000540;
17B0 : 00000000;
17B1 : 00000000;
17B2 : 00000000;
17B3 : 00000000;
17B4 : 00000000;
17B5 : 00000000;
17B6 : 00000000;
17B7 : 00000000;
17B8 : 00000000;
17B9 : 00000000;
17BA : 00000000;
17BB : 00000000;
17BC : 00000000;
17BD : B87FE000;
17BE : 00000000;
17BF : 00000000;
17C0 : 0000000B;
17C1 : FF80007F;
17C2 : 80000000;
17C3 : 00000000;
17C4 : 00000000;
17C5 : 00000000;
17C6 : 0806FFFF;
17C7 : FC000000;
17C8 : 00000000;
17C9 : 00000000;
17CA : 00000000;
17CB : 00000000;
17CC : 00000007;
17CD : 41BFFFFF;
17CE : 8007FF80;
17CF : 00000000;
17D0 : 00000000;
17D1 : 00000000;
17D2 : 00000000;
17D3 : 00000000;
17D4 : 00000000;
17D5 : 00000000;
17D6 : 00000000;
17D7 : 00000000;
17D8 : 00000000;
17D9 : 00000000;
17DA : 00000000;
17DB : 00000000;
17DC : 00000000;
17DD : BC2E4000;
17DE : 00000000;
17DF : 00000000;
17E0 : 00000000;
17E1 : 54000000;
17E2 : 00000000;
17E3 : 00000000;
17E4 : 00000000;
17E5 : 00000000;
17E6 : 00000000;
17E7 : 50000000;
17E8 : 00000000;
17E9 : 00000000;
17EA : 00000000;
17EB : 00000000;
17EC : 00000001;
17ED : 00015555;
17EE : 00015500;
17EF : 00000000;
17F0 : 00000000;
17F1 : 00000000;
17F2 : 00000000;
17F3 : 00000000;
17F4 : 00000000;
17F5 : 00000000;
17F6 : 00000000;
17F7 : 00000000;
17F8 : 00000000;
17F9 : 00000000;
17FA : 00000000;
17FB : 00000000;
17FC : 00000000;
17FD : 54000000;
17FE : 00000000;
17FF : 00000000;
1800 : 00000000;
1801 : 00000000;
1802 : 00000000;
1803 : 00000000;
1804 : 00000000;
1805 : 00000000;
1806 : 00000000;
1807 : 00000000;
1808 : 00000000;
1809 : 00000000;
180A : 00000000;
180B : 00000000;
180C : 00000000;
180D : 00000000;
180E : 00000000;
180F : 00000000;
1810 : 00000000;
1811 : 00000000;
1812 : 00000000;
1813 : 00000000;
1814 : 00000000;
1815 : 00000000;
1816 : 00000000;
1817 : 00000000;
1818 : 00000000;
1819 : 00000000;
181A : 00000000;
181B : 00000000;
181C : 00000000;
181D : 00000000;
181E : 00000000;
181F : 00000000;
1820 : 00000000;
1821 : 00000000;
1822 : 00000000;
1823 : 00000000;
1824 : 00000000;
1825 : 00000000;
1826 : 00000000;
1827 : 00000000;
1828 : 00000000;
1829 : 00000000;
182A : 00000000;
182B : 00000000;
182C : 00000000;
182D : 00000000;
182E : 00000000;
182F : 00000000;
1830 : 00000000;
1831 : 00000000;
1832 : 00000000;
1833 : 00000000;
1834 : 00000000;
1835 : 00000000;
1836 : 00000000;
1837 : 00000000;
1838 : 00000000;
1839 : 00000000;
183A : 00000000;
183B : 00000000;
183C : 00000000;
183D : 00000000;
183E : 00000000;
183F : 00000000;
1840 : 00000000;
1841 : 00000000;
1842 : 00000000;
1843 : 00000000;
1844 : 00000000;
1845 : 00000000;
1846 : 00000000;
1847 : 00000000;
1848 : 00000000;
1849 : 00000000;
184A : 00000000;
184B : 00000000;
184C : 00000000;
184D : 00000000;
184E : 00000000;
184F : 00000000;
1850 : 00000000;
1851 : 00000000;
1852 : 00000000;
1853 : 00000000;
1854 : 00000000;
1855 : 00000000;
1856 : 00000000;
1857 : 00000000;
1858 : 00000000;
1859 : 00000000;
185A : 00000000;
185B : 00000000;
185C : 00000000;
185D : 00000000;
185E : 00000000;
185F : 00000000;
1860 : 00000000;
1861 : 00000000;
1862 : 00000000;
1863 : 00000000;
1864 : 00000000;
1865 : 00000000;
1866 : 00000000;
1867 : 00000000;
1868 : 00000000;
1869 : 00000000;
186A : 00000000;
186B : 00000000;
186C : 00000000;
186D : 00000000;
186E : 00000000;
186F : 00000000;
1870 : 00000000;
1871 : 00000000;
1872 : 00000000;
1873 : 00000000;
1874 : 00000000;
1875 : 00000000;
1876 : 00000000;
1877 : 00000000;
1878 : 00000000;
1879 : 00000000;
187A : 00000000;
187B : 00000000;
187C : 00000000;
187D : 00000000;
187E : 00000000;
187F : 00000000;
1880 : 00000000;
1881 : 00000000;
1882 : 00000000;
1883 : 00000000;
1884 : 00000000;
1885 : 00000000;
1886 : 00000000;
1887 : 00000000;
1888 : 00000000;
1889 : 00000000;
188A : 00000000;
188B : 00000000;
188C : 00000000;
188D : 00000000;
188E : 00000000;
188F : 00000000;
1890 : 00000000;
1891 : 00000000;
1892 : 00000000;
1893 : 00000000;
1894 : 00000000;
1895 : 00000000;
1896 : 00000000;
1897 : 00000000;
1898 : 00000000;
1899 : 00000000;
189A : 00000000;
189B : 00000000;
189C : 00000000;
189D : 00000000;
189E : 00000000;
189F : 00000000;
18A0 : 00000000;
18A1 : 00000000;
18A2 : 00000000;
18A3 : 00000000;
18A4 : 00000000;
18A5 : 00000000;
18A6 : 00000000;
18A7 : 00000000;
18A8 : 00000000;
18A9 : 00000000;
18AA : 00000000;
18AB : 00000000;
18AC : 00000000;
18AD : 00000000;
18AE : 00000000;
18AF : 00000000;
18B0 : 00000000;
18B1 : 00000000;
18B2 : 00000000;
18B3 : 00000000;
18B4 : 00000000;
18B5 : 00000000;
18B6 : 00000000;
18B7 : 00000000;
18B8 : 00000000;
18B9 : 00000000;
18BA : 00000000;
18BB : 00000000;
18BC : 00000000;
18BD : 00000000;
18BE : 00000000;
18BF : 00000000;
18C0 : 00000000;
18C1 : 00000000;
18C2 : 00000000;
18C3 : 00000000;
18C4 : 00000000;
18C5 : 00000000;
18C6 : 00000000;
18C7 : 00000000;
18C8 : 00000000;
18C9 : 00000000;
18CA : 00000000;
18CB : 00000000;
18CC : 00000000;
18CD : 00000000;
18CE : 00000000;
18CF : 00000000;
18D0 : 00000000;
18D1 : 00000000;
18D2 : 00000000;
18D3 : 00000000;
18D4 : 00000000;
18D5 : 00000000;
18D6 : 00000000;
18D7 : 00000000;
18D8 : 00000000;
18D9 : 00000000;
18DA : 00000000;
18DB : 00000000;
18DC : 00000000;
18DD : 00000000;
18DE : 00000000;
18DF : 00000000;
18E0 : 00000000;
18E1 : 00000000;
18E2 : 00000000;
18E3 : 00000000;
18E4 : 00000000;
18E5 : 00000000;
18E6 : 00000000;
18E7 : 00000000;
18E8 : 00000000;
18E9 : 00000000;
18EA : 00000000;
18EB : 00000000;
18EC : 00000000;
18ED : 00000000;
18EE : 00000000;
18EF : 00000000;
18F0 : 00000000;
18F1 : 00000000;
18F2 : 00000000;
18F3 : 00000000;
18F4 : 00000000;
18F5 : 00000000;
18F6 : 00000000;
18F7 : 00000000;
18F8 : 00000000;
18F9 : 00000000;
18FA : 00000000;
18FB : 00000000;
18FC : 00000000;
18FD : 00000000;
18FE : 00000000;
18FF : 00000000;
1900 : 00000000;
1901 : 55000001;
1902 : 50000000;
1903 : 00000000;
1904 : 00000000;
1905 : 00000000;
1906 : 00001001;
1907 : 00000000;
1908 : 00000000;
1909 : 00000000;
190A : 00000000;
190B : 00000000;
190C : 00000000;
190D : 00002A00;
190E : 00000000;
190F : 14000000;
1910 : 00000000;
1911 : 00000000;
1912 : 00000000;
1913 : 00000000;
1914 : 00000000;
1915 : 00000000;
1916 : 00000000;
1917 : 00000000;
1918 : 00000000;
1919 : 00000000;
191A : 00000000;
191B : 00000000;
191C : 00000000;
191D : 01401A00;
191E : 00000000;
191F : 00000000;
1920 : 00000006;
1921 : FFD0006F;
1922 : FE000000;
1923 : 00000000;
1924 : 00000000;
1925 : 00000000;
1926 : 0B40BC0B;
1927 : 80000000;
1928 : 00000000;
1929 : 00000000;
192A : 00000000;
192B : 00000000;
192C : 00000001;
192D : D0192E00;
192E : 02AAABFF;
192F : FE000550;
1930 : 00015000;
1931 : 00000000;
1932 : 00000000;
1933 : 00000000;
1934 : 00000000;
1935 : 00000000;
1936 : 00000000;
1937 : 00000000;
1938 : 00000000;
1939 : 00064000;
193A : 1A400000;
193B : 05A40000;
193C : 2900001A;
193D : BFD02F00;
193E : 00000000;
193F : 00000000;
1940 : 0000001F;
1941 : FFF401FF;
1942 : FF800000;
1943 : 00000000;
1944 : 00000000;
1945 : 02FE0000;
1946 : 1FC57E5F;
1947 : 94000000;
1948 : 00000000;
1949 : 00000000;
194A : 00000000;
194B : 00000000;
194C : 00000003;
194D : F42E2E00;
194E : 02FFFFFF;
194F : FF002FF8;
1950 : 002FFE00;
1951 : 00000000;
1952 : 00000000;
1953 : 00000000;
1954 : 00000000;
1955 : 00000000;
1956 : 00000000;
1957 : 00000000;
1958 : 00000000;
1959 : 006F8001;
195A : FFF40000;
195B : 1FFF4001;
195C : FD00001F;
195D : FFD02F00;
195E : 00000000;
195F : 00000000;
1960 : 0000007F;
1961 : EBFC03FE;
1962 : 6FE00000;
1963 : 00000000;
1964 : 00000000;
1965 : 1FFFD000;
1966 : 07EBFFFF;
1967 : FD000000;
1968 : 00000000;
1969 : 00000000;
196A : 00000000;
196B : 00000000;
196C : 00000001;
196D : F87EBFAA;
196E : 41FAABE9;
196F : 5500FFFF;
1970 : 00BFFF80;
1971 : 00000000;
1972 : 00000000;
1973 : 00000000;
1974 : 00000000;
1975 : 00000000;
1976 : 00000000;
1977 : 00000000;
1978 : 00000000;
1979 : 06FF8007;
197A : FBFD0000;
197B : 7FBFC02F;
197C : FD00000A;
197D : FD466F68;
197E : 00000000;
197F : 00000000;
1980 : 000000BF;
1981 : 42FE07F8;
1982 : 0FF00000;
1983 : 00000000;
1984 : 00000000;
1985 : 2F9BE000;
1986 : 02E6ABEA;
1987 : A8000000;
1988 : 00000000;
1989 : 00000000;
198A : 00000000;
198B : 00000000;
198C : 00000000;
198D : BDBFFFFF;
198E : 400007E0;
198F : 0002F97F;
1990 : 40FD1FC0;
1991 : 00000000;
1992 : 00000000;
1993 : 00000000;
1994 : 00000000;
1995 : 00000000;
1996 : 00000000;
1997 : 00000000;
1998 : 00000000;
1999 : 0BFF800B;
199A : E0BE0000;
199B : FD0BE03F;
199C : FD000000;
199D : B80BAF7D;
199E : 00000000;
199F : 00000000;
19A0 : 000000FF;
19A1 : 01FE07F4;
19A2 : 0BF00000;
19A3 : 00000000;
19A4 : 00000000;
19A5 : 3E02F000;
19A6 : 014157E5;
19A7 : 50000000;
19A8 : 00000000;
19A9 : 00000000;
19AA : 00000000;
19AB : 00000000;
19AC : 00000000;
19AD : 24FABFAA;
19AE : 400007E0;
19AF : 0003F42F;
19B0 : C1F80BD0;
19B1 : 00000000;
19B2 : 00000000;
19B3 : 00000000;
19B4 : 00000000;
19B5 : 00000000;
19B6 : 00000000;
19B7 : 00000000;
19B8 : 00000000;
19B9 : 0B9F801F;
19BA : C07F0001;
19BB : F807F03D;
19BC : BD000005;
19BD : BD5F6F2E;
19BE : 00000000;
19BF : 00000000;
19C0 : 000001FE;
19C1 : 00FF07F4;
19C2 : 0BE00000;
19C3 : 00000000;
19C4 : 00000000;
19C5 : 3E02F000;
19C6 : 0003FFFF;
19C7 : F4000000;
19C8 : 00000000;
19C9 : 00000000;
19CA : 00000000;
19CB : 00000000;
19CC : 00000000;
19CD : 00B02E00;
19CE : 02FFFFFF;
19CF : FE07F01F;
19D0 : C1F80BD0;
19D1 : 00000000;
19D2 : 00000000;
19D3 : 00000000;
19D4 : 00000000;
19D5 : 00000000;
19D6 : 00000000;
19D7 : 00000000;
19D8 : 00000000;
19D9 : 041F801F;
19DA : C07F4001;
19DB : F803F410;
19DC : BD00001F;
19DD : FFFF2F1F;
19DE : 40000000;
19DF : 00000000;
19E0 : 000001FD;
19E1 : 00BF42F8;
19E2 : 1FD00000;
19E3 : 00000000;
19E4 : 00000000;
19E5 : 2F47D000;
19E6 : 1A92E555;
19E7 : F4000000;
19E8 : 00000000;
19E9 : 00000000;
19EA : 00000000;
19EB : 00000000;
19EC : 00000005;
19ED : 54557F55;
19EE : 42FFFFFF;
19EF : FF0BE00F;
19F0 : D0BD1F80;
19F1 : 00000000;
19F2 : 00000000;
19F3 : 00000000;
19F4 : 00000000;
19F5 : 00000000;
19F6 : 00000000;
19F7 : 00000000;
19F8 : 00000000;
19F9 : 001F802F;
19FA : 803F4001;
19FB : F803F400;
19FC : BD00001F;
19FD : FFFE2F0B;
19FE : C0000000;
19FF : 00000000;
1A00 : 000002FD;
1A01 : 00BF40FF;
1A02 : BF800000;
1A03 : 00000000;
1A04 : 00000000;
1A05 : 0BFF4000;
1A06 : 2FD3E555;
1A07 : F4000000;
1A08 : 00000000;
1A09 : 00000000;
1A0A : 00000000;
1A0B : 00000000;
1A0C : 0000000B;
1A0D : F9FFFFFF;
1A0E : C1AAABEA;
1A0F : AA0BE00F;
1A10 : D02FFE00;
1A11 : 00000000;
1A12 : 00000000;
1A13 : 00000000;
1A14 : 00000000;
1A15 : 00000000;
1A16 : 00000000;
1A17 : 00000000;
1A18 : 00000000;
1A19 : 001F802F;
1A1A : 803F4000;
1A1B : FE0BF400;
1A1C : BD000001;
1A1D : FC7D2F07;
1A1E : 80000000;
1A1F : 00000000;
1A20 : 000002FD;
1A21 : 00BF403F;
1A22 : FE000000;
1A23 : 00000000;
1A24 : 00000000;
1A25 : 0BFF4000;
1A26 : 1BD3FFFF;
1A27 : F4000000;
1A28 : 00000000;
1A29 : 00000000;
1A2A : 00000000;
1A2B : 00000000;
1A2C : 0000000B;
1A2D : F9FFFFFF;
1A2E : C00007E0;
1A2F : 000BE00F;
1A30 : D02FFE00;
1A31 : 00000000;
1A32 : 00000000;
1A33 : 00000000;
1A34 : 00000000;
1A35 : 00000000;
1A36 : 00000000;
1A37 : 00000000;
1A38 : 00000000;
1A39 : 001F802F;
1A3A : 803F4000;
1A3B : BFFFF400;
1A3C : BD000002;
1A3D : FC7D2F09;
1A3E : 00000000;
1A3F : 00000000;
1A40 : 000002FD;
1A41 : 00BF41FF;
1A42 : FF800000;
1A43 : 00000000;
1A44 : 00000000;
1A45 : 2F9BE000;
1A46 : 03D3E555;
1A47 : F4000000;
1A48 : 00000000;
1A49 : 00000000;
1A4A : 00000000;
1A4B : 00000000;
1A4C : 00000001;
1A4D : F80B8B84;
1A4E : 000007E0;
1A4F : 000BE00F;
1A50 : D0FE6F80;
1A51 : 00000000;
1A52 : 00000000;
1A53 : 00000000;
1A54 : 00000000;
1A55 : 00000000;
1A56 : 00000000;
1A57 : 00000000;
1A58 : 00000000;
1A59 : 001F802F;
1A5A : 803F4000;
1A5B : 2FF7F400;
1A5C : BD000003;
1A5D : FF442F2F;
1A5E : 40000000;
1A5F : 00000000;
1A60 : 000002FD;
1A61 : 00BF47F9;
1A62 : 1FE00000;
1A63 : 00000000;
1A64 : 00000000;
1A65 : 7D02F000;
1A66 : 03D3FFFF;
1A67 : F4000000;
1A68 : 00000000;
1A69 : 00000000;
1A6A : 00000000;
1A6B : 00000000;
1A6C : 00000000;
1A6D : B80F8B87;
1A6E : 4FFFFFFF;
1A6F : FFDBE00F;
1A70 : D2F40BD0;
1A71 : 00000000;
1A72 : 00000000;
1A73 : 00000000;
1A74 : 00000000;
1A75 : 00000000;
1A76 : 00000000;
1A77 : 00000000;
1A78 : 00000000;
1A79 : 001F802F;
1A7A : 807F4000;
1A7B : 0143F000;
1A7C : BD00000B;
1A7D : FFE02F7E;
1A7E : 00000000;
1A7F : 00000000;
1A80 : 000002FD;
1A81 : 00BF4BF0;
1A82 : 07F40000;
1A83 : 00000000;
1A84 : 00000000;
1A85 : BC01F400;
1A86 : 03D3E555;
1A87 : F4000000;
1A88 : 00000000;
1A89 : 00000000;
1A8A : 00000000;
1A8B : 00000000;
1A8C : 00000000;
1A8D : F82F4B8B;
1A8E : 8FFFFFFF;
1A8F : FFD7F01F;
1A90 : C3F007E0;
1A91 : 00000000;
1A92 : 00000000;
1A93 : 00000000;
1A94 : 00000000;
1A95 : 00000000;
1A96 : 00000000;
1A97 : 00000000;
1A98 : 00000000;
1A99 : 001F801F;
1A9A : C07F0000;
1A9B : 0007E000;
1A9C : BD00001F;
1A9D : BAF016FC;
1A9E : 00000000;
1A9F : 00000000;
1AA0 : 000001FE;
1AA1 : 00FF0FE0;
1AA2 : 03F80000;
1AA3 : 00000000;
1AA4 : 00000000;
1AA5 : BD02F400;
1AA6 : 03D2E555;
1AA7 : F4000000;
1AA8 : 00000000;
1AA9 : 00000000;
1AAA : 00000000;
1AAB : 00000000;
1AAC : 00000000;
1AAD : B8BF0BEF;
1AAE : 8AAAABFA;
1AAF : AA97F42F;
1AB0 : 83F007E0;
1AB1 : 00000000;
1AB2 : 00000000;
1AB3 : 00000000;
1AB4 : 00000000;
1AB5 : 00000000;
1AB6 : 00000000;
1AB7 : 00000000;
1AB8 : 00000000;
1AB9 : 001F800F;
1ABA : D0BE0140;
1ABB : 000FD000;
1ABC : BD00001E;
1ABD : B88007F4;
1ABE : 00000000;
1ABF : 00000000;
1AC0 : 000001FE;
1AC1 : 01FE0FE0;
1AC2 : 03F80000;
1AC3 : 00000000;
1AC4 : 00000000;
1AC5 : 7E57F000;
1AC6 : 03D3FFFF;
1AC7 : F4000000;
1AC8 : 00000000;
1AC9 : 00000000;
1ACA : 00000000;
1ACB : 00000000;
1ACC : 00000000;
1ACD : F8FD07FF;
1ACE : 400007E0;
1ACF : 0002F97F;
1AD0 : 42F81FD0;
1AD1 : 00000000;
1AD2 : 00000000;
1AD3 : 00000000;
1AD4 : 00000000;
1AD5 : 00000000;
1AD6 : 00000000;
1AD7 : 00000000;
1AD8 : 00000000;
1AD9 : 001F800B;
1ADA : F6FD0BD0;
1ADB : 65BF8000;
1ADC : BD00000D;
1ADD : B8002FD0;
1ADE : 00000000;
1ADF : 00000000;
1AE0 : 000000FF;
1AE1 : 42FD0BF4;
1AE2 : 0BF40000;
1AE3 : 00000000;
1AE4 : 00000000;
1AE5 : 2FFFD000;
1AE6 : 0BE15555;
1AE7 : 50000000;
1AE8 : 00000000;
1AE9 : 00000000;
1AEA : 00000000;
1AEB : 00000000;
1AEC : 00000002;
1AED : FD2401A9;
1AEE : 000007E0;
1AEF : 0001FFFE;
1AF0 : 01FFFF80;
1AF1 : 00000000;
1AF2 : 00000000;
1AF3 : 00000000;
1AF4 : 00000000;
1AF5 : 00000000;
1AF6 : 00000000;
1AF7 : 00000000;
1AF8 : 00000000;
1AF9 : 001F8003;
1AFA : FFF40FE0;
1AFB : 7FFE0000;
1AFC : BD000004;
1AFD : B801BF40;
1AFE : 00000000;
1AFF : 00000000;
1B00 : 0000007F;
1B01 : EBF807FE;
1B02 : 6FF00000;
1B03 : 00000000;
1B04 : 00000000;
1B05 : 06FA4000;
1B06 : 2FFE5555;
1B07 : 55000000;
1B08 : 00000000;
1B09 : 00000000;
1B0A : 00000000;
1B0B : 00000000;
1B0C : 0000000B;
1B0D : FFA55555;
1B0E : 40055FE0;
1B0F : 00007FF8;
1B10 : 006FFE00;
1B11 : 00000000;
1B12 : 00000000;
1B13 : 00000000;
1B14 : 00000000;
1B15 : 00000000;
1B16 : 00000000;
1B17 : 00000000;
1B18 : 00000000;
1B19 : 001A4000;
1B1A : AF900790;
1B1B : 6FE40000;
1B1C : 69000000;
1B1D : B81BFD00;
1B1E : 00000000;
1B1F : 00000000;
1B20 : 0000002F;
1B21 : FFF402FF;
1B22 : FFD00000;
1B23 : 00000000;
1B24 : 00000000;
1B25 : 00000000;
1B26 : 1E7FFFFF;
1B27 : FD000000;
1B28 : 00000000;
1B29 : 00000000;
1B2A : 00000000;
1B2B : 00000000;
1B2C : 0000000B;
1B2D : DFFFFFFF;
1B2E : C00BFFD0;
1B2F : 00000540;
1B30 : 00015000;
1B31 : 00000000;
1B32 : 00000000;
1B33 : 00000000;
1B34 : 00000000;
1B35 : 00000000;
1B36 : 00000000;
1B37 : 00000000;
1B38 : 00000000;
1B39 : 00000000;
1B3A : 00000000;
1B3B : 00000000;
1B3C : 00000000;
1B3D : B87FE000;
1B3E : 00000000;
1B3F : 00000000;
1B40 : 0000000B;
1B41 : FF80006F;
1B42 : FE400000;
1B43 : 00000000;
1B44 : 00000000;
1B45 : 00000000;
1B46 : 0806FFFF;
1B47 : FC000000;
1B48 : 00000000;
1B49 : 00000000;
1B4A : 00000000;
1B4B : 00000000;
1B4C : 00000007;
1B4D : 41BFFFFF;
1B4E : 8007FF80;
1B4F : 00000000;
1B50 : 00000000;
1B51 : 00000000;
1B52 : 00000000;
1B53 : 00000000;
1B54 : 00000000;
1B55 : 00000000;
1B56 : 00000000;
1B57 : 00000000;
1B58 : 00000000;
1B59 : 00000000;
1B5A : 00000000;
1B5B : 00000000;
1B5C : 00000000;
1B5D : BC2E4000;
1B5E : 00000000;
1B5F : 00000000;
1B60 : 00000000;
1B61 : 54000005;
1B62 : 50000000;
1B63 : 00000000;
1B64 : 00000000;
1B65 : 00000000;
1B66 : 00000000;
1B67 : 50000000;
1B68 : 00000000;
1B69 : 00000000;
1B6A : 00000000;
1B6B : 00000000;
1B6C : 00000001;
1B6D : 00015555;
1B6E : 00015500;
1B6F : 00000000;
1B70 : 00000000;
1B71 : 00000000;
1B72 : 00000000;
1B73 : 00000000;
1B74 : 00000000;
1B75 : 00000000;
1B76 : 00000000;
1B77 : 00000000;
1B78 : 00000000;
1B79 : 00000000;
1B7A : 00000000;
1B7B : 00000000;
1B7C : 00000000;
1B7D : 54000000;
1B7E : 00000000;
1B7F : 00000000;
1B80 : 00000000;
1B81 : 00000000;
1B82 : 00000000;
1B83 : 00000000;
1B84 : 00000000;
1B85 : 00000000;
1B86 : 00000000;
1B87 : 00000000;
1B88 : 00000000;
1B89 : 00000000;
1B8A : 00000000;
1B8B : 00000000;
1B8C : 00000000;
1B8D : 00000000;
1B8E : 00000000;
1B8F : 00000000;
1B90 : 00000000;
1B91 : 00000000;
1B92 : 00000000;
1B93 : 00000000;
1B94 : 00000000;
1B95 : 00000000;
1B96 : 00000000;
1B97 : 00000000;
1B98 : 00000000;
1B99 : 00000000;
1B9A : 00000000;
1B9B : 00000000;
1B9C : 00000000;
1B9D : 00000000;
1B9E : 00000000;
1B9F : 00000000;
1BA0 : 00000000;
1BA1 : 00000000;
1BA2 : 00000000;
1BA3 : 00000000;
1BA4 : 00000000;
1BA5 : 00000000;
1BA6 : 00000000;
1BA7 : 00000000;
1BA8 : 00000000;
1BA9 : 00000000;
1BAA : 00000000;
1BAB : 00000000;
1BAC : 00000000;
1BAD : 00000000;
1BAE : 00000000;
1BAF : 00000000;
1BB0 : 00000000;
1BB1 : 00000000;
1BB2 : 00000000;
1BB3 : 00000000;
1BB4 : 00000000;
1BB5 : 00000000;
1BB6 : 00000000;
1BB7 : 00000000;
1BB8 : 00000000;
1BB9 : 00000000;
1BBA : 00000000;
1BBB : 00000000;
1BBC : 00000000;
1BBD : 00000000;
1BBE : 00000000;
1BBF : 00000000;
1BC0 : 00000000;
1BC1 : 00000000;
1BC2 : 00000000;
1BC3 : 00000000;
1BC4 : 00000000;
1BC5 : 00000000;
1BC6 : 00000000;
1BC7 : 00000000;
1BC8 : 00000000;
1BC9 : 00000000;
1BCA : 00000000;
1BCB : 00000000;
1BCC : 00000000;
1BCD : 00000000;
1BCE : 00000000;
1BCF : 00000000;
1BD0 : 00000000;
1BD1 : 00000000;
1BD2 : 00000000;
1BD3 : 00000000;
1BD4 : 00000000;
1BD5 : 00000000;
1BD6 : 00000000;
1BD7 : 00000000;
1BD8 : 00000000;
1BD9 : 00000000;
1BDA : 00000000;
1BDB : 00000000;
1BDC : 00000000;
1BDD : 00000000;
1BDE : 00000000;
1BDF : 00000000;
1BE0 : 00000000;
1BE1 : 00000000;
1BE2 : 00000000;
1BE3 : 00000000;
1BE4 : 00000000;
1BE5 : 00000000;
1BE6 : 00000000;
1BE7 : 00000000;
1BE8 : 00000000;
1BE9 : 00000000;
1BEA : 00000000;
1BEB : 00000000;
1BEC : 00000000;
1BED : 00000000;
1BEE : 00000000;
1BEF : 00000000;
1BF0 : 00000000;
1BF1 : 00000000;
1BF2 : 00000000;
1BF3 : 00000000;
1BF4 : 00000000;
1BF5 : 00000000;
1BF6 : 00000000;
1BF7 : 00000000;
1BF8 : 00000000;
1BF9 : 00000000;
1BFA : 00000000;
1BFB : 00000000;
1BFC : 00000000;
1BFD : 00000000;
1BFE : 00000000;
1BFF : 00000000;
1C00 : 00000000;
1C01 : 00000000;
1C02 : 00000000;
1C03 : 00000000;
1C04 : 00000000;
1C05 : 00000000;
1C06 : 00000000;
1C07 : 00000000;
1C08 : 00000000;
1C09 : 00000000;
1C0A : 00000000;
1C0B : 00000000;
1C0C : 00000000;
1C0D : 00000000;
1C0E : 00000000;
1C0F : 00000000;
1C10 : 00000000;
1C11 : 00000000;
1C12 : 00000000;
1C13 : 00000000;
1C14 : 00000000;
1C15 : 00000000;
1C16 : 00000000;
1C17 : 00000000;
1C18 : 00000000;
1C19 : 00000000;
1C1A : 00000000;
1C1B : 00000000;
1C1C : 00000000;
1C1D : 00000000;
1C1E : 00000000;
1C1F : 00000000;
1C20 : 00000000;
1C21 : 00000000;
1C22 : 00000000;
1C23 : 00000000;
1C24 : 00000000;
1C25 : 00000000;
1C26 : 00000000;
1C27 : 00000000;
1C28 : 00000000;
1C29 : 00000000;
1C2A : 00000000;
1C2B : 00000000;
1C2C : 00000000;
1C2D : 00000000;
1C2E : 00000000;
1C2F : 00000000;
1C30 : 00000000;
1C31 : 00000000;
1C32 : 00000000;
1C33 : 00000000;
1C34 : 00000000;
1C35 : 00000000;
1C36 : 00000000;
1C37 : 00000000;
1C38 : 00000000;
1C39 : 00000000;
1C3A : 00000000;
1C3B : 00000000;
1C3C : 00000000;
1C3D : 00000000;
1C3E : 00000000;
1C3F : 00000000;
1C40 : 00000000;
1C41 : 00000000;
1C42 : 00000000;
1C43 : 00000000;
1C44 : 00000000;
1C45 : 00000000;
1C46 : 00000000;
1C47 : 00000000;
1C48 : 00000000;
1C49 : 00000000;
1C4A : 00000000;
1C4B : 00000000;
1C4C : 00000000;
1C4D : 00000000;
1C4E : 00000000;
1C4F : 00000000;
1C50 : 00000000;
1C51 : 00000000;
1C52 : 00000000;
1C53 : 00000000;
1C54 : 00010000;
1C55 : 00000000;
1C56 : 54154000;
1C57 : 00015000;
1C58 : 00000000;
1C59 : 00000000;
1C5A : 00000000;
1C5B : 00000000;
1C5C : 00000000;
1C5D : 00000000;
1C5E : 00000000;
1C5F : 00000000;
1C60 : 00000000;
1C61 : 00000000;
1C62 : 00000000;
1C63 : 00000000;
1C64 : 00000000;
1C65 : 00000000;
1C66 : 00000000;
1C67 : 00000000;
1C68 : 00000000;
1C69 : 00000000;
1C6A : 00000000;
1C6B : 000000FE;
1C6C : 00000000;
1C6D : 0000BF00;
1C6E : 00000000;
1C6F : 1AE00000;
1C70 : 00000000;
1C71 : 00000000;
1C72 : 15555555;
1C73 : 554000A5;
1C74 : 000BE000;
1C75 : 000BE001;
1C76 : FD2FC000;
1C77 : 000BF800;
1C78 : 00000000;
1C79 : 00000000;
1C7A : 00000000;
1C7B : 00000000;
1C7C : 00000000;
1C7D : 00000000;
1C7E : 00000000;
1C7F : 00000000;
1C80 : 00000000;
1C81 : 00000000;
1C82 : 00000000;
1C83 : 00000000;
1C84 : 00000000;
1C85 : 00000000;
1C86 : 00000000;
1C87 : 00000001;
1C88 : 50000005;
1C89 : 40000005;
1C8A : 50000000;
1C8B : 001000FE;
1C8C : 00140014;
1C8D : 0000BF00;
1C8E : 00005555;
1C8F : 6FF55555;
1C90 : 00000000;
1C91 : 00000000;
1C92 : 7FFFFFFF;
1C93 : FF8000FE;
1C94 : 001FD000;
1C95 : 000BE001;
1C96 : FD2F8000;
1C97 : 001FF000;
1C98 : 00000000;
1C99 : 00000000;
1C9A : 00000000;
1C9B : 00000000;
1C9C : 00000000;
1C9D : 00000000;
1C9E : 00000000;
1C9F : 00000000;
1CA0 : 00000000;
1CA1 : 00000000;
1CA2 : 00000000;
1CA3 : 00000000;
1CA4 : 00000000;
1CA5 : 00000000;
1CA6 : 00000000;
1CA7 : 0000001B;
1CA8 : F00001BF;
1CA9 : F900006F;
1CAA : FE000000;
1CAB : 01F800FE;
1CAC : 003E007D;
1CAD : 0000BF00;
1CAE : 0001FFFF;
1CAF : FFFFFFFF;
1CB0 : 00000000;
1CB1 : 00000000;
1CB2 : 7FEAAAAA;
1CB3 : BF8001FC;
1CB4 : 002FEAAA;
1CB5 : 900BE001;
1CB6 : FD2F8000;
1CB7 : 007FFAAA;
1CB8 : AAA40000;
1CB9 : 00000000;
1CBA : 00000000;
1CBB : 00000000;
1CBC : 00000000;
1CBD : 00000000;
1CBE : 00000000;
1CBF : 00000000;
1CC0 : 00000000;
1CC1 : 00000000;
1CC2 : 00000000;
1CC3 : 00000000;
1CC4 : 00000000;
1CC5 : 00000000;
1CC6 : 00000000;
1CC7 : 000001BF;
1CC8 : F00007FF;
1CC9 : FF4002FF;
1CCA : FF800000;
1CCB : 07FD00FE;
1CCC : 00BF80FF;
1CCD : 4000BF00;
1CCE : 0001FFFF;
1CCF : FFFFFFFF;
1CD0 : 00000000;
1CD1 : 00000000;
1CD2 : 7F800000;
1CD3 : 2F8002F8;
1CD4 : 007FFFFF;
1CD5 : D00BE001;
1CD6 : FD2F8000;
1CD7 : 01FFFFFF;
1CD8 : FFF80000;
1CD9 : 00000000;
1CDA : 00000000;
1CDB : 00000000;
1CDC : 00000000;
1CDD : 00000000;
1CDE : 00000000;
1CDF : 00000000;
1CE0 : 00000000;
1CE1 : 00000000;
1CE2 : 00000000;
1CE3 : 00000000;
1CE4 : 00000000;
1CE5 : 00000000;
1CE6 : 00000000;
1CE7 : 00001BFF;
1CE8 : F0000FFF;
1CE9 : FFC007FF;
1CEA : FFE00000;
1CEB : 02FF40FE;
1CEC : 02FF40BF;
1CED : D1FFFFFF;
1CEE : FE01F81A;
1CEF : 9006902F;
1CF0 : 00000000;
1CF1 : 00000000;
1CF2 : 7FFFFFFF;
1CF3 : FF8007F0;
1CF4 : 00BFFFFF;
1CF5 : D05BF56A;
1CF6 : FD2FEA90;
1CF7 : 07FFFFFF;
1CF8 : FFF80000;
1CF9 : 00000000;
1CFA : 00000000;
1CFB : 00000000;
1CFC : 00000000;
1CFD : 00000000;
1CFE : 00000000;
1CFF : 00000000;
1D00 : 00000000;
1D01 : 00000000;
1D02 : 00000000;
1D03 : 00000000;
1D04 : 00000000;
1D05 : 00000000;
1D06 : 00000000;
1D07 : 00003FFF;
1D08 : F0002FF4;
1D09 : 7FE00FF8;
1D0A : 2FF40000;
1D0B : 00BFD0FE;
1D0C : 07FD002F;
1D0D : F5FFFFFF;
1D0E : FE01F45F;
1D0F : D55BF52F;
1D10 : 00000000;
1D11 : 00000000;
1D12 : 7FEAAAAA;
1D13 : BF800BE2;
1D14 : E1FE556F;
1D15 : D1FFFEBF;
1D16 : FD2FFFD0;
1D17 : 1FFEAAAA;
1D18 : BFF40000;
1D19 : 00000000;
1D1A : 00000000;
1D1B : 00000000;
1D1C : 00000000;
1D1D : 00000000;
1D1E : 00000000;
1D1F : 00000000;
1D20 : 00000000;
1D21 : 00000000;
1D22 : 00000000;
1D23 : 00000000;
1D24 : 00000000;
1D25 : 00000000;
1D26 : 00000000;
1D27 : 00003FEF;
1D28 : F0003FD0;
1D29 : 2FF01FF0;
1D2A : 0BF80000;
1D2B : 003FE0FE;
1D2C : 1FF8000B;
1D2D : F5FFFFFF;
1D2E : FE01F6FF;
1D2F : FFFFFF6F;
1D30 : 00000000;
1D31 : 00000000;
1D32 : 7F800000;
1D33 : 2F801FC7;
1D34 : FBFE003F;
1D35 : 81FFFEBF;
1D36 : FD2FFFD0;
1D37 : 7FF00000;
1D38 : 7FE00000;
1D39 : 00000000;
1D3A : 00000000;
1D3B : 00000000;
1D3C : 00000000;
1D3D : 00000000;
1D3E : 00000000;
1D3F : 00000000;
1D40 : 00000000;
1D41 : 00000000;
1D42 : 00000000;
1D43 : 00000000;
1D44 : 00000000;
1D45 : 00000000;
1D46 : 00000000;
1D47 : 00003E5F;
1D48 : F0007FC0;
1D49 : 1FF42FE0;
1D4A : 07FC0000;
1D4B : 001F80FE;
1D4C : 07E00003;
1D4D : D155FF56;
1D4E : FE0001AF;
1D4F : EAAFFA40;
1D50 : 00000000;
1D51 : 00000000;
1D52 : 7FFFFFFF;
1D53 : FF802F8B;
1D54 : FFFF80FF;
1D55 : 01FFFE6A;
1D56 : FD2FEA92;
1D57 : FF879002;
1D58 : FF800000;
1D59 : 00000000;
1D5A : 00000000;
1D5B : 00000000;
1D5C : 00000000;
1D5D : 00000000;
1D5E : 00000000;
1D5F : 00000000;
1D60 : 00000000;
1D61 : 00000000;
1D62 : 00000000;
1D63 : 00000000;
1D64 : 00000000;
1D65 : 00000000;
1D66 : 00000000;
1D67 : 0000101F;
1D68 : F000BF80;
1D69 : 0FF43FD0;
1D6A : 07FC0000;
1D6B : 000600FE;
1D6C : 01800001;
1D6D : 4000BE00;
1D6E : FE00001F;
1D6F : D00BE000;
1D70 : 00000000;
1D71 : 00000000;
1D72 : 7FFFFFFF;
1D73 : FF807FFF;
1D74 : EFEFE6FD;
1D75 : 000BE001;
1D76 : FD2F8001;
1D77 : FE1FF41B;
1D78 : FE000000;
1D79 : 00000000;
1D7A : 00000000;
1D7B : 00000000;
1D7C : 00000000;
1D7D : 00000000;
1D7E : 00000000;
1D7F : 00000000;
1D80 : 00000000;
1D81 : 00000000;
1D82 : 00000000;
1D83 : 00000000;
1D84 : 00000000;
1D85 : 00000000;
1D86 : 00000000;
1D87 : 0000001F;
1D88 : F000BF40;
1D89 : 0BF87FD0;
1D8A : 03FD0000;
1D8B : 155555FE;
1D8C : 55555400;
1D8D : 0000FE00;
1D8E : FE002FFF;
1D8F : FFFFFFF4;
1D90 : 00000000;
1D91 : 00000000;
1D92 : 00000000;
1D93 : 00003FFF;
1D94 : 8B8BFFF4;
1D95 : 000BE001;
1D96 : FD2F8000;
1D97 : 741FFE7F;
1D98 : F4000000;
1D99 : 00000000;
1D9A : 00000000;
1D9B : 00000000;
1D9C : 00000000;
1D9D : 00000000;
1D9E : 00000000;
1D9F : 00000000;
1DA0 : 00000000;
1DA1 : 00000000;
1DA2 : 00000000;
1DA3 : 00000000;
1DA4 : 00000000;
1DA5 : 00000000;
1DA6 : 00000000;
1DA7 : 0000001F;
1DA8 : F000FF40;
1DA9 : 0BF87FC0;
1DAA : 03FD0000;
1DAB : 3FFFFFFF;
1DAC : FFFFF800;
1DAD : 0000FE00;
1DAE : FE002FFF;
1DAF : FFFFFFF4;
1DB0 : 0000001B;
1DB1 : 9000001A;
1DB2 : AAAAAAAA;
1DB3 : AAAA2FFF;
1DB4 : 0102FFD0;
1DB5 : 000BE056;
1DB6 : FD2FD540;
1DB7 : 0002FFFF;
1DB8 : 90000000;
1DB9 : 00000000;
1DBA : 00000000;
1DBB : 00000000;
1DBC : 00000000;
1DBD : 00000000;
1DBE : 00000000;
1DBF : 00000000;
1DC0 : 00000000;
1DC1 : 00000000;
1DC2 : 00000000;
1DC3 : 00000000;
1DC4 : 00000000;
1DC5 : 00000000;
1DC6 : 00000000;
1DC7 : 0000001F;
1DC8 : F000FF40;
1DC9 : 0BF87FC0;
1DCA : 03FD0000;
1DCB : 3FFFFFFF;
1DCC : FFFFF800;
1DCD : 0000FE00;
1DCE : FE00001F;
1DCF : D00BE000;
1DD0 : 000000BF;
1DD1 : F800001F;
1DD2 : FFFFFFFF;
1DD3 : FFFF00FE;
1DD4 : 001BFFF9;
1DD5 : 000BFEBF;
1DD6 : FD2FFFC0;
1DD7 : 0000FFFD;
1DD8 : 00000000;
1DD9 : 00000000;
1DDA : 00000000;
1DDB : 00000000;
1DDC : 00000000;
1DDD : 00000000;
1DDE : 00000000;
1DDF : 00000000;
1DE0 : 00000000;
1DE1 : 00000000;
1DE2 : 00000000;
1DE3 : 00000000;
1DE4 : 00000000;
1DE5 : 00000000;
1DE6 : 00000000;
1DE7 : 0000001F;
1DE8 : F000FF40;
1DE9 : 0BF87FC0;
1DEA : 03FD0000;
1DEB : 3FFFFFFF;
1DEC : FFFFF803;
1DED : 9155FE55;
1DEE : FE51FFFF;
1DEF : FFFFFFFF;
1DF0 : 400000FF;
1DF1 : FC00001F;
1DF2 : FFFFFFFF;
1DF3 : FFFE01FC;
1DF4 : 06FFFFFF;
1DF5 : E80BFEBF;
1DF6 : FD2FFFC0;
1DF7 : 001BFFE0;
1DF8 : 00000000;
1DF9 : 00000000;
1DFA : 00000000;
1DFB : 00000000;
1DFC : 00000000;
1DFD : 00000000;
1DFE : 00000000;
1DFF : 00000000;
1E00 : 00000000;
1E01 : 00000000;
1E02 : 00000000;
1E03 : 00000000;
1E04 : 00000000;
1E05 : 00000000;
1E06 : 00000000;
1E07 : 0000001F;
1E08 : F000FF40;
1E09 : 0BF87FC0;
1E0A : 03FD0000;
1E0B : 00001FFF;
1E0C : E0000007;
1E0D : FBFFFFFF;
1E0E : FFE2FFFF;
1E0F : FFFFFFFF;
1E10 : 400001FF;
1E11 : FD000000;
1E12 : FC02F800;
1E13 : 000003F4;
1E14 : 1FFF92FF;
1E15 : FCBFFEBF;
1E16 : FD2FFFC0;
1E17 : 05BFFF95;
1E18 : 55540000;
1E19 : 00000000;
1E1A : 00000000;
1E1B : 00000000;
1E1C : 00000000;
1E1D : 00000000;
1E1E : 00000000;
1E1F : 00000000;
1E20 : 00000000;
1E21 : 00000000;
1E22 : 00000000;
1E23 : 00000000;
1E24 : 00000000;
1E25 : 00000000;
1E26 : 00000000;
1E27 : 0000001F;
1E28 : F000FF40;
1E29 : 0BF87FC0;
1E2A : 03FD0000;
1E2B : 00007FFF;
1E2C : F800000B;
1E2D : F7FFFFFF;
1E2E : FFE156FE;
1E2F : 5556FF95;
1E30 : 000001FF;
1E31 : FD000000;
1E32 : FEABF9AA;
1E33 : AAA80BE1;
1E34 : 5BF9002F;
1E35 : F4FFF901;
1E36 : FD2FC001;
1E37 : AFFFFFFF;
1E38 : FFF80000;
1E39 : 00000000;
1E3A : 00000000;
1E3B : 00000000;
1E3C : 00000000;
1E3D : 00000000;
1E3E : 00000000;
1E3F : 00000000;
1E40 : 00000000;
1E41 : 00000000;
1E42 : 00000000;
1E43 : 00000000;
1E44 : 00000000;
1E45 : 00000000;
1E46 : 00000000;
1E47 : 0000001F;
1E48 : F000BF80;
1E49 : 0FF47FD0;
1E4A : 07FC0000;
1E4B : 0001FFFF;
1E4C : FE00000F;
1E4D : E3FFFFFF;
1E4E : FFE007F8;
1E4F : 00007F90;
1E50 : 000000BF;
1E51 : F8000000;
1E52 : FFFFFAFF;
1E53 : FFF82FFF;
1E54 : D6554001;
1E55 : A0FFE001;
1E56 : FD2F8003;
1E57 : FFFFFFFF;
1E58 : FFF80000;
1E59 : 00000000;
1E5A : 00000000;
1E5B : 00000000;
1E5C : 00000000;
1E5D : 00000000;
1E5E : 00000000;
1E5F : 00000000;
1E60 : 00000000;
1E61 : 00000000;
1E62 : 00000000;
1E63 : 00000000;
1E64 : 00000000;
1E65 : 00000000;
1E66 : 00000000;
1E67 : 0000001F;
1E68 : F000BF80;
1E69 : 0FF43FD0;
1E6A : 07F80000;
1E6B : 0007FDFE;
1E6C : BF80001F;
1E6D : D157FF85;
1E6E : 5541BFFF;
1E6F : FFFFFFFD;
1E70 : 0000002F;
1E71 : E0000000;
1E72 : FD56F9BE;
1E73 : ABF82FFF;
1E74 : D00FFE94;
1E75 : 00ABE156;
1E76 : FD2FD551;
1E77 : FFFFFFFF;
1E78 : FFF80000;
1E79 : 00000000;
1E7A : 00000000;
1E7B : 00000000;
1E7C : 00000000;
1E7D : 00000000;
1E7E : 00000000;
1E7F : 00000000;
1E80 : 00000000;
1E81 : 00000000;
1E82 : 00000000;
1E83 : 00000000;
1E84 : 00000000;
1E85 : 00000000;
1E86 : 00000000;
1E87 : 0000001F;
1E88 : F0007FC0;
1E89 : 1FF02FE0;
1E8A : 0BF80000;
1E8B : 001FF4FE;
1E8C : 3FE0002F;
1E8D : C00BFFD0;
1E8E : 0002FFFF;
1E8F : FFFFFFFF;
1E90 : 40000005;
1E91 : 40000000;
1E92 : FD56F8BD;
1E93 : 03F41FFE;
1E94 : 901FFFFD;
1E95 : 000BE3FF;
1E96 : FD2FFFF0;
1E97 : A7FC0000;
1E98 : 03F80000;
1E99 : 00000000;
1E9A : 00000000;
1E9B : 00000000;
1E9C : 00000000;
1E9D : 00000000;
1E9E : 00000000;
1E9F : 00000000;
1EA0 : 00000000;
1EA1 : 00000000;
1EA2 : 00000000;
1EA3 : 00000000;
1EA4 : 00000000;
1EA5 : 00000000;
1EA6 : 00000000;
1EA7 : 0000001F;
1EA8 : F0003FE0;
1EA9 : 3FE01FF4;
1EAA : 1FF40000;
1EAB : 00BFE0FE;
1EAC : 1FFD003F;
1EAD : 801FEBF4;
1EAE : 0001F9FD;
1EAF : 55557FBE;
1EB0 : 00000000;
1EB1 : 00000000;
1EB2 : FFFFF8BF;
1EB3 : 4BE00940;
1EB4 : 0016BFFC;
1EB5 : 000BE3FF;
1EB6 : FD2FFFF0;
1EB7 : 03FC0000;
1EB8 : 03F80000;
1EB9 : 00000000;
1EBA : 00000000;
1EBB : 00000000;
1EBC : 00000000;
1EBD : 00000000;
1EBE : 00000000;
1EBF : 00000000;
1EC0 : 00000000;
1EC1 : 00000000;
1EC2 : 00000000;
1EC3 : 00000000;
1EC4 : 00000000;
1EC5 : 00000000;
1EC6 : 00000000;
1EC7 : 0000001F;
1EC8 : F0002FFA;
1EC9 : FFC00FFE;
1ECA : BFE00000;
1ECB : 06FF80FE;
1ECC : 07FF907F;
1ECD : 407FD3FD;
1ECE : 000051FC;
1ECF : 0BE07F05;
1ED0 : 00000000;
1ED1 : 00000000;
1ED2 : FEABF83F;
1ED3 : FFD00000;
1ED4 : 500005A8;
1ED5 : 000BE2FF;
1ED6 : FD2FFFE0;
1ED7 : 03FC0000;
1ED8 : 03F80000;
1ED9 : 00000000;
1EDA : 00000000;
1EDB : 00000000;
1EDC : 00000000;
1EDD : 00000000;
1EDE : 00000000;
1EDF : 00000000;
1EE0 : 00000000;
1EE1 : 00000000;
1EE2 : 00000000;
1EE3 : 00000000;
1EE4 : 00000000;
1EE5 : 00000000;
1EE6 : 00000000;
1EE7 : 0000001F;
1EE8 : F0000BFF;
1EE9 : FF4007FF;
1EEA : FF800000;
1EEB : 1FFE00FE;
1EEC : 01FFF8BF;
1EED : 01FF81FF;
1EEE : 800001FC;
1EEF : 1FD07F00;
1EF0 : 00000000;
1EF1 : 00000000;
1EF2 : FC01F80B;
1EF3 : FF4015AF;
1EF4 : F1A50000;
1EF5 : 000BE001;
1EF6 : FD2FC000;
1EF7 : 03FC0000;
1EF8 : 03F80000;
1EF9 : 00000000;
1EFA : 00000000;
1EFB : 00000000;
1EFC : 00000000;
1EFD : 00000000;
1EFE : 00000000;
1EFF : 00000000;
1F00 : 00000000;
1F01 : 00000000;
1F02 : 00000000;
1F03 : 00000000;
1F04 : 00000000;
1F05 : 00000000;
1F06 : 00000000;
1F07 : 0000001F;
1F08 : F00002FF;
1F09 : FD0001FF;
1F0A : FE000000;
1F0B : 7FF800FE;
1F0C : 007FF4FE;
1F0D : 0BFE00BF;
1F0E : F40000A8;
1F0F : 7FE96A00;
1F10 : 00000000;
1F11 : 00000001;
1F12 : FD6BFF5B;
1F13 : FFA47FFF;
1F14 : E2FFFA40;
1F15 : 000BE001;
1F16 : FD2F8000;
1F17 : 03FEAAAA;
1F18 : ABF80000;
1F19 : 00000000;
1F1A : 00000000;
1F1B : 00000000;
1F1C : 00000000;
1F1D : 00000000;
1F1E : 00000000;
1F1F : 00000000;
1F20 : 00000000;
1F21 : 00000000;
1F22 : 00000000;
1F23 : 00000000;
1F24 : 00000000;
1F25 : 00000000;
1F26 : 00000000;
1F27 : 00000005;
1F28 : 5000005A;
1F29 : 9000001A;
1F2A : 94000000;
1F2B : 1FD000FE;
1F2C : 000BD1FD;
1F2D : 7FFC002F;
1F2E : FF80055B;
1F2F : FFFFE940;
1F30 : 00000000;
1F31 : 0000000F;
1F32 : FFFFFFFF;
1F33 : FFFE3FFF;
1F34 : E3FFFFFE;
1F35 : 40AFE001;
1F36 : FD2F8000;
1F37 : 03FFFFFF;
1F38 : FFF80000;
1F39 : 00000000;
1F3A : 00000000;
1F3B : 00000000;
1F3C : 00000000;
1F3D : 00000000;
1F3E : 00000000;
1F3F : 00000000;
1F40 : 00000000;
1F41 : 00000000;
1F42 : 00000000;
1F43 : 00000000;
1F44 : 00000000;
1F45 : 00000000;
1F46 : 00000000;
1F47 : 00000000;
1F48 : 00000000;
1F49 : 00000000;
1F4A : 00000000;
1F4B : 0B4000FE;
1F4C : 0002802C;
1F4D : 7FE0000B;
1F4E : FF81FFFF;
1F4F : FEBFFFF9;
1F50 : 00000000;
1F51 : 0000000F;
1F52 : FFFFFEFF;
1F53 : 9FFD3FFA;
1F54 : 51AFFFFF;
1F55 : 80FFE001;
1F56 : FD2F8000;
1F57 : 03FFFFFF;
1F58 : FFF80000;
1F59 : 00000000;
1F5A : 00000000;
1F5B : 00000000;
1F5C : 00000000;
1F5D : 00000000;
1F5E : 00000000;
1F5F : 00000000;
1F60 : 00000000;
1F61 : 00000000;
1F62 : 00000000;
1F63 : 00000000;
1F64 : 00000000;
1F65 : 00000000;
1F66 : 00000000;
1F67 : 00000000;
1F68 : 00000000;
1F69 : 00000000;
1F6A : 00000000;
1F6B : 000000FE;
1F6C : 00000000;
1F6D : 1F800001;
1F6E : BF00FFFF;
1F6F : E006BFFD;
1F70 : 00000000;
1F71 : 0000000A;
1F72 : A952F8FD;
1F73 : 01B81500;
1F74 : 00016BFF;
1F75 : 40BFD001;
1F76 : FD2F8000;
1F77 : 03FEAAAA;
1F78 : ABF80000;
1F79 : 00000000;
1F7A : 00000000;
1F7B : 00000000;
1F7C : 00000000;
1F7D : 00000000;
1F7E : 00000000;
1F7F : 00000000;
1F80 : 00000000;
1F81 : 00000000;
1F82 : 00000000;
1F83 : 00000000;
1F84 : 00000000;
1F85 : 00000000;
1F86 : 00000000;
1F87 : 00000000;
1F88 : 00000000;
1F89 : 00000000;
1F8A : 00000000;
1F8B : 000000A9;
1F8C : 00000000;
1F8D : 09000000;
1F8E : 1A007FA5;
1F8F : 000006F8;
1F90 : 00000000;
1F91 : 00000000;
1F92 : 0001F850;
1F93 : 00000000;
1F94 : 0000005A;
1F95 : 006A4001;
1F96 : FD2F8000;
1F97 : 02F80000;
1F98 : 03F80000;
1F99 : 00000000;
1F9A : 00000000;
1F9B : 00000000;
1F9C : 00000000;
1F9D : 00000000;
1F9E : 00000000;
1F9F : 00000000;
1FA0 : 00000000;
1FA1 : 00000000;
1FA2 : 00000000;
1FA3 : 00000000;
1FA4 : 00000000;
1FA5 : 00000000;
1FA6 : 00000000;
1FA7 : 00000000;
1FA8 : 00000000;
1FA9 : 00000000;
1FAA : 00000000;
1FAB : 00000000;
1FAC : 00000000;
1FAD : 00000000;
1FAE : 00000000;
1FAF : 00000010;
1FB0 : 00000000;
1FB1 : 00000000;
1FB2 : 00000000;
1FB3 : 00000000;
1FB4 : 00000000;
1FB5 : 00000000;
1FB6 : 00000000;
1FB7 : 00000000;
1FB8 : 00000000;
1FB9 : 00000000;
1FBA : 00000000;
1FBB : 00000000;
1FBC : 00000000;
1FBD : 00000000;
1FBE : 00000000;
1FBF : 00000000;
1FC0 : 00000000;
1FC1 : 00000000;
1FC2 : 00000000;
1FC3 : 00000000;
1FC4 : 00000000;
1FC5 : 00000000;
1FC6 : 00000000;
1FC7 : 00000000;
1FC8 : 00000000;
1FC9 : 00000000;
1FCA : 00000000;
1FCB : 00000000;
1FCC : 00000000;
1FCD : 00000000;
1FCE : 00000000;
1FCF : 00000000;
1FD0 : 00000000;
1FD1 : 00000000;
1FD2 : 00000000;
1FD3 : 00000000;
1FD4 : 00000000;
1FD5 : 00000000;
1FD6 : 00000000;
1FD7 : 00000000;
1FD8 : 00000000;
1FD9 : 00000000;
1FDA : 00000000;
1FDB : 00000000;
1FDC : 00000000;
1FDD : 00000000;
1FDE : 00000000;
1FDF : 00000000;
1FE0 : 00000000;
1FE1 : 00000000;
1FE2 : 00000000;
1FE3 : 00000000;
1FE4 : 00000000;
1FE5 : 00000000;
1FE6 : 00000000;
1FE7 : 00000000;
1FE8 : 00000000;
1FE9 : 00000000;
1FEA : 00000000;
1FEB : 00000000;
1FEC : 00000000;
1FED : 00000000;
1FEE : 00000000;
1FEF : 00000000;
1FF0 : 00000000;
1FF1 : 00000000;
1FF2 : 00000000;
1FF3 : 00000000;
1FF4 : 00000000;
1FF5 : 00000000;
1FF6 : 00000000;
1FF7 : 00000000;
1FF8 : 00000000;
1FF9 : 00000000;
1FFA : 00000000;
1FFB : 00000000;
1FFC : 00000000;
1FFD : 00000000;
1FFE : 00000000;
1FFF : 00000000;
END;
